language,filename,blank,comment,code,"github.com/AlDanial/cloc v 1.86  T=2.13 s (643.4 files/s, 32703.1 lines/s)"
JavaScript,./src/public/voodoo/.bang.html.snapshot/docs/infinite/cat.bang.js,262,179,1863
JavaScript,./src/zombie-lord/connection.js,134,178,1527
JavaScript,./src/public/voodoo/src/constructor.js,193,221,1495
CSS,./src/public/themes/macos.css,301,20,1441
CSS,./src/public/themes/water.css,311,5,1373
HTML,./src/public/save.html,6,0,1180
JavaScript,./src/public/voodoo/src/eventQueue.js,81,54,1130
JavaScript,./src/public/voodoo/.bang.html.snapshot/src/bang.js,165,76,1129
JavaScript,./src/public/voodoo/.bang.html.snapshot/docs/infinite/bang.js,158,77,1088
JavaScript,./src/public/voodoo/.bang.html.snapshot/src/vv/vanillaview.js,123,133,942
JavaScript,./src/public/voodoo/.bang.html.snapshot/docs/vv/vanillaview.js,124,125,931
JavaScript,./src/public/translateVoodooCRDP.js,12,41,859
JavaScript,./src/public/voodoo/.bang.html.snapshot/src/vv/old_vv.js,114,90,824
JavaScript,./src/plugins/appminifier/injections.js,58,28,716
CSS,./src/public/themes/almond.css,101,12,693
CSS,./src/public/themes/Chocolate.css,128,20,668
CSS,./src/public/themes/Midnight.css,128,20,668
JavaScript,./src/ws-server.js,64,216,647
CSS,./src/public/themes/blank.css,101,30,545
JavaScript,./src/zombie-lord/controller.js,43,28,541
CSS,./dist/themes/blank.css,100,30,535
Markdown,./src/public/voodoo/.bang.html.snapshot/README.md,221,0,520
JavaScript,./src/services/instance/parec-server/index.js,63,37,501
Markdown,./src/public/voodoo/README.md,215,0,477
JavaScript,./src/services/instance/pptr-console-server/index.js,28,37,477
JavaScript,./src/public/voodoo/src/components/bb-context-menu/script.js,21,9,432
JavaScript,./src/public/voodoo/.bang.html.snapshot/src/vv/t.js,71,9,423
JavaScript,./src/services/pool/socket-puppet-service/src/server.js,55,27,413
Markdown,./src/public/voodoo/.bang.html.snapshot/INTRO.md,195,0,411
Markdown,./src/public/voodoo/INTRO.md,194,0,411
JavaScript,./src/public/voodoo/src/subviews/other.js,30,5,394
JavaScript,./src/services/instance/pptr-console-server/runner.js,54,55,381
JavaScript,./src/public/voodoo/.bang.html.snapshot/docs/components/sg-infin/script.js,43,32,379
JavaScript,./src/services/instance/pptr-console-server/websocket_chat_app_homework/public/src/app.js,80,44,327
JavaScript,./src/services/pool/docspunk/index.js,38,9,316
JavaScript,./src/zombie-lord/screenShots.js,21,13,294
TypeScript,./src/zombie-lord/custom-launcher/src/chrome-launcher.ts,58,24,293
HTML,./src/services/pool/socket-puppet-service/public/index.html,1,0,291
JavaScript,./src/public/data/timezones.js,2,38,288
JavaScript,./src/zombie-lord/custom-launcher/dist/chrome-launcher.js,1,27,286
JavaScript,./dist/image.be8ed20a.js,0,1,285
JavaScript,./src/public/plugins/appminifier/translateAppminifierCRDP.js,14,18,281
JavaScript,./src/public/voodoo/src/transformEvent.js,17,12,279
JavaScript,./src/public/voodoo/src/components/bb-modals/script.js,35,5,270
HTML,./src/public/index.html,23,0,264
JavaScript,./src/services/instance/pptr-console-server/websocket_chat_app_homework/index.js,40,33,260
JavaScript,./src/public/voodoo/.bang.html.snapshot/docs/components/sg-table/script.js,27,12,258
JavaScript,./src/public/kbd.js,2,2,251
JavaScript,./src/zombie-lord/injections/pageContext/botDetectionEvasions.js,29,33,250
JavaScript,./src/public/voodoo/src/common.js,26,11,246
JavaScript,./src/services/instance/pptr-console-server/websocket_chat_app_homework/public/src/views.js,25,13,245
JavaScript,./src/public/plugins/appminifier/scripts/treeUpdate.js,23,10,227
JavaScript,./src/public/plugins/demo/treeUpdate.js,23,10,227
HTML,./src/public/voodoo/src/components/bb-modals/markup.html,0,0,217
JavaScript,./src/services/pool/crdp-secure-proxy-server/index.js,24,36,214
CSS,./src/public/voodoo/.bang.html.snapshot/docs/components/sg-infin/style.css,41,25,208
JavaScript,./src/public/voodoo/.bang.html.snapshot/src/experiments/proxy.js,37,19,198
CSS,./src/public/voodoo/.bang.html.snapshot/docs/components/sg-table/style.css,36,23,191
JavaScript,./src/zombie-lord/custom-launcher/dist/chrome-finder.js,0,28,184
TypeScript,./src/zombie-lord/custom-launcher/src/chrome-finder.ts,41,27,183
JavaScript,./src/public/landing.js,1,0,178
JavaScript,./src/public/voodoo/src/subviews/controls.js,16,40,173
Markdown,./README.md,101,0,170
JavaScript,./src/public/voodoo/src/view.js,27,25,168
JavaScript,./src/common.js,14,13,166
CSS,./src/services/instance/pptr-console-server/public/style.css,34,3,157
CSS,./src/services/instance/pptr-console-server/websocket_chat_app_homework/public/style.css,35,12,154
HTML,./src/public/voodoo/.bang.html.snapshot/docs/7guis/index.html,6,0,152
CSS,./src/services/pool/socket-puppet-service/public/sakura-vader.css,30,11,150
CSS,./src/public/themes/sakura-dark.css,30,11,146
CSS,./src/public/themes/sakura-vader.css,30,11,146
CSS,./src/services/pool/socket-puppet-service/public/normalize.css,74,129,146
CSS,./src/services/pool/socket-puppet-service/public/sakura-dark-solarized.css,30,11,146
CSS,./src/services/pool/socket-puppet-service/public/sakura.css,30,10,146
TypeScript,./src/zombie-lord/custom-launcher/test/chrome-launcher-test.ts,33,7,139
JavaScript,./src/public/voodoo/src/subviews/contextMenu.js,7,20,134
HTML,./src/services/pool/crdp-secure-proxy-server/public/index.html,20,0,134
JavaScript,./src/public/serviceWorker.js,23,4,126
JavaScript,./src/server.js,11,20,125
JavaScript,./src/zombie-lord/launcher.js,16,87,124
Markdown,./src/zombie-lord/custom-launcher/README.md,52,0,122
HTML,./src/services/pool/docspunk/public/uploads/index.html,9,0,116
HTML,./src/services/pool/socket-puppet-service/public/authentication-security-guide.html,0,0,113
JavaScript,./src/zombie-lord/custom-launcher/dist/utils.js,0,7,111
Markdown,./src/public/voodoo/.bang.html.snapshot/src/vv/README.md,61,0,110
Markdown,./src/zombie-lord/custom-launcher/docs/chrome-flags-for-tools.md,39,0,108
JavaScript,./src/public/voodoo/src/handlers/targetInfo.js,9,2,105
Markdown,./src/zombie-lord/custom-launcher/changelog.md,19,0,104
JavaScript,./src/public/voodoo/src/subviews/sidebarMenu.js,9,7,102
Bourne Shell,./src/services/pool/socket-puppet-service/scripts/setup.sh,14,0,102
JavaScript,./src/zombie-lord/injections/favicon.js,15,2,102
JavaScript,./src/public/voodoo/src/handlers/demo.js,6,0,101
JavaScript,./src/public/plugins/appminifier/scripts/createListener.js,3,9,97
JavaScript,./src/public/plugins/demo/createListener.js,3,9,97
JavaScript,./src/public/plugins/projector/scripts/createListener.js,4,9,97
HTML,./src/services/pool/docspunk/public/convert.html,9,0,97
JavaScript,./src/public/plugins/demo/translateAppminifierCRDP.js,13,1,96
XML,./src/zombie-lord/fonts.conf,16,36,95 
JavaScript,./src/public/voodoo/src/subviews/pluginsMenu.js,2,1,94
JavaScript,./src/public/voodoo/.bang.html.snapshot/docs/components/sg-cells/script.js,10,0,91
CSS,./src/public/themes/main.css,18,19,87
JavaScript,./src/public/resize_helper.js,6,4,84
JavaScript,./src/public/plugins/appminifier/page/listen.js,11,3,83
JavaScript,./src/public/voodoo/src/subviews/omniBox.js,6,2,82
TypeScript,./src/zombie-lord/custom-launcher/src/utils.ts,18,6,82
JavaScript,./src/zombie-lord/adblocking/blockAds.js,5,7,81
Bourne Shell,./scripts/install_vfpro.sh,12,0,80
JavaScript,./src/public/voodoo/src/subviews/bandwidthIndicator.js,12,0,80
JavaScript,./src/public/voodoo/.bang.html.snapshot/src/vv/types.js,29,7,78
HTML,./src/public/voodoo/src/components/bb-view/markup.html,0,0,78
JavaScript,./src/zombie-lord/newtab/overrideNewtab.js,9,9,77
JavaScript,./src/services/instance/pptr-console-server/websocket_chat_app_homework/public/src/helpers.js,21,26,75
JavaScript,./src/zombie-lord/demoblocking/blockSites.js,8,6,75
HTML,./src/public/lo.html,1,0,71
TypeScript,./src/zombie-lord/custom-launcher/dist/chrome-launcher.d.ts,0,0,69
JavaScript,./src/plugins/projector/injections.js,11,2,68
JavaScript,./src/public/render_static.js,11,9,68
HTML,./src/public/voodoo/src/components/bb-ctrl/markup.html,0,2,68
JavaScript,./src/zombie-lord/injections/selectDropdownEvents.js,13,17,68
Bourne Shell,./scripts/watcher.sh,9,6,65
JavaScript,./src/public/plugins/appminifier/installPlugin.js,12,8,65
JavaScript,./src/zombie-lord/injections/keysCanInput.js,9,11,65
HTML,./src/services/pool/docspunk/public/secretpage-canneverbefound.html,9,0,64
JavaScript,./src/zombie-lord/injections/scrollNotify.js,7,9,63
JavaScript,./src/public/voodoo/.bang.html.snapshot/docs/components/sg-circle-drawer/script.js,7,0,62
CSS,./src/public/voodoo/.bang.html.snapshot/docs/components/sg-frame/style.css,8,0,62
JavaScript,./src/public/plugins/appminifier/page/serializeEvent.js,16,0,61
HTML,./src/public/form-test.html,2,1,59
HTML,./src/public/voodoo/.bang.html.snapshot/docs/cellophane/index.html,2,0,59
CSS,./src/public/voodoo/.bang.html.snapshot/docs/components/style.css,12,4,58
Markdown,./docs/CODE_OF_CONDUCT.md,19,0,57
HTML,./src/public/voodoo/.bang.html.snapshot/docs/components/sg-table/markup.html,1,0,55
JavaScript,./src/public/voodoo/.bang.html.snapshot/docs/components/warm-greeter/script.js,22,21,54
JavaScript,./src/spdy-server.js,17,0,54
JavaScript,./src/public/plugins/projector/translateProjectorCRDP.js,4,1,51
Bourne Shell,./scripts/postinstall.sh,14,2,50
JavaScript,./src/public/plugins/projector/installPlugin.js,10,11,50
CSS,./src/public/voodoo/.bang.html.snapshot/docs/components/sg-multi-search/style.css,7,0,50
Bourne Shell,./scripts/global/parec-server.sh,17,0,49
HTML,./src/public/factory.html,0,0,49
JavaScript,./src/public/voodoo/index.js,10,8,49
HTML,./src/public/voodoo/.bang.html.snapshot/docs/infinite/index.html,1,0,48
JavaScript,./src/services/instance/pptr-console-server/websocket_chat_app_homework/public/tests/loadTest.js,20,5,48
Bourne Shell,./scripts/start.sh,13,9,47
JavaScript,./src/public/voodoo/.bang.html.snapshot/docs/components/sg-crud/script.js,12,0,47
Bourne Shell,./src/services/instance/parec-server/parec-server.sh,15,0,47
JavaScript,./src/zombie-lord/injections/elementInfo.js,7,3,47
CSS,./src/public/voodoo/.bang.html.snapshot/docs/components/sg-crud/style.css,10,0,46
JavaScript,./src/services/instance/pptr-console-server/public/updateStatus.js,1,3,46
JavaScript,./src/public/plugins/demo/listen.js,1,1,45
JavaScript,./src/public/voodoo/.bang.html.snapshot/docs/components/sg-timer/script.js,7,1,45
Markdown,./src/services/instance/pptr-console-server/websocket_chat_app_homework/README.md,22,0,45
HTML,./src/public/voodoo/.bang.html.snapshot/docs/components/sg-crud/markup.html,0,0,44
CSS,./src/services/instance/pptr-console-server/websocket_chat_app_homework/public/theme.css,13,8,44
CSS,./src/public/voodoo/src/components/bb-bar/style.css,9,0,43
HTML,./src/public/signup.html,0,0,42
CSS,./src/public/themes/reset.css,1,5,42
JavaScript,./src/public/voodoo/src/components/bb-loading-indicator/script.js,9,0,42
JavaScript,./src/public/plugins/appminifier/page/exceptions.js,7,0,41
JavaScript,./src/public/plugins/demo/installPlugin.js,9,5,41
JavaScript,./src/public/voodoo/.bang.html.snapshot/docs/components/sg-flight-booker/script.js,8,7,41
CSS,./src/public/voodoo/.bang.html.snapshot/docs/components/sg-sizer-modal/style.css,5,0,41
JavaScript,./src/public/error_catchers.js,6,0,40
CSS,./src/public/voodoo/.bang.html.snapshot/docs/components/sg-timer/style.css,8,0,39
JavaScript,./src/zombie-lord/injections/pageContext/showMouse.js,6,0,39
JavaScript,./src/public/plugins/appminifier/page/helpers.js,5,0,38
HTML,./src/public/voodoo/.bang.html.snapshot/docs/components/sg-cells/markup.html,0,1,36
JavaScript,./src/public/voodoo/.bang.html.snapshot/experiments/app.webpack.config.js,1,1,36
JavaScript,./src/public/voodoo/src/subviews/sidebarMenuButton.js,6,13,36
JavaScript,./src/zombie-lord/navigator.js,7,3,36
Bourne Shell,./scripts/install_webp.sh,8,2,35
CSS,./src/public/voodoo/.bang.html.snapshot/docs/components/sg-circle-drawer/style.css,5,0,35
Bourne Shell,./scripts/share-test.sh,11,15,34
JavaScript,./src/services/instance/pptr-console-server/public/load.js,7,0,34
JavaScript,./src/services/instance/pptr-console-server/websocket_chat_app_homework/public/tests/messageTest.js,14,2,34
Markdown,./src/services/pool/docspunk/docs/old-README.md,22,0,34
JavaScript,./src/sm.js,5,3,34
HTML,./src/assets/SPL.html,1,0,33
JavaScript,./src/public/voodoo/.bang.html.snapshot/docs/components/sg-temp-converter/script.js,6,0,33
JavaScript,./src/public/voodoo/src/handlers/favicon.js,10,1,33
TypeScript,./src/zombie-lord/custom-launcher/dist/utils.d.ts,0,0,33
JavaScript,./src/zombie-lord/injections/templated/flashEmu.js,3,0,33
HTML,./src/public/voodoo/src/components/bb-omni-box/markup.html,0,1,32
YAML,./.github/workflows/codeql-analysis.yml,11,20,31
JavaScript,./src/public/voodoo/src/abto64.js,16,17,31
JavaScript,./src/zombie-lord/adblocking/blockedResponse.js,4,0,31
Bourne Shell,./src/zombie-lord/start_chrome.sh,10,25,31
JavaScript,./src/public/assets/src/play-flash.js,1,1,30
HTML,./src/public/image.html,0,0,30
JavaScript,./src/public/scriptSPL.js,2,1,30
JavaScript,./src/public/voodoo/.bang.html.snapshot/docs/components/sg-multi-search/script.js,11,1,30
Bourne Shell,./src/services/pool/docspunk/build_src.sh,1,6,30
JavaScript,./src/zombie-lord/injections/fileInput.js,16,83,30
Bourne Shell,./scripts/pm2-run.sh,10,0,29
JavaScript,./src/public/plugins/appminifier/page/listeners/scroll.js,2,0,29
CSS,./src/public/voodoo/.bang.html.snapshot/docs/components/sg-cell/style.css,4,0,29
JavaScript,./src/public/voodoo/src/subviews/loadingIndicator.js,6,0,29
Bourne Shell,./scripts/test.sh,9,6,28
JavaScript,./src/public/plugins/appminifier/page/listeners/hash.js,4,4,28
HTML,./src/public/voodoo/.bang.html.snapshot/docs/components/sg-circle-drawer/markup.html,0,0,28
CSS,./src/public/voodoo/.bang.html.snapshot/docs/components/sg-temp-converter/style.css,3,0,28
Markdown,./src/public/voodoo/.bang.html.snapshot/src/vv/docs/coc.md,18,0,28
Markdown,./src/services/instance/parec-server/README.md,14,0,28
JavaScript,./src/zombie-lord/custom-launcher/manual-chrome-launcher.js,9,15,28
HTML,./src/public/voodoo/.bang.html.snapshot/docs/index.html,1,0,27
Markdown,./src/public/voodoo/.bang.html.snapshot/src/vv/docs/CLA.md,22,0,27
HTML,./src/public/voodoo/src/components/bb-context-menu/markup.html,0,0,27
HTML,./src/public/voodoo/src/components/bb-favicon/markup.html,0,0,27
JavaScript,./src/public/voodoo/src/handlers/keysCanInput.js,1,0,27
JavaScript,./src/public/plugins/projector/scripts/treeUpdate.js,15,136,26
HTML,./src/public/voodoo/.bang.html.snapshot/docs/components/sg-infin/markup.html,0,0,26
CSS,./src/public/voodoo/.bang.html.snapshot/docs/infinite/rainbow.css,2,0,26
JavaScript,./src/public/voodoo/.bang.html.snapshot/src/err.js,5,0,26
SVG,./src/public/voodoo/assets/icons/cog.svg,0,0,26
HTML,./src/services/pool/crdp-secure-proxy-server/public/devtools/inspector.html,0,5,26
Bourne Shell,./scripts/bg_frb_setup.sh,1,7,25
SVG,./src/public/voodoo/assets/icons/server-cog.svg,0,0,25
JavaScript,./src/webpack.config.js,1,0,25
YAML,./src/zombie-lord/custom-launcher/.appveyor.yml,7,5,25
JavaScript,./src/zombie-lord/injections/textComposition.js,1,7,25
Bourne Shell,./src/zombie-lord/scripts/get_download_view_url.sh,7,3,25
Bourne Shell,./scripts/aws-yum-installzanj.sh,0,2,24
Bourne Shell,./scripts/go_demo.sh,12,2,24
HTML,./src/public/loading.html,1,0,24
HTML,./src/public/voodoo/.bang.html.snapshot/docs/components/sg-flight-booker/markup.html,0,0,24
SVG,./src/public/voodoo/assets/icons/box-select.svg,0,0,24
SVG,./src/public/voodoo/assets/icons/boxes.svg,0,0,24
SVG,./src/public/voodoo/assets/icons/qr-code.svg,0,0,24
YAML,./src/zombie-lord/custom-launcher/.travis.yml,0,0,24
Bourne Shell,./scripts/setup_machine.sh,4,0,23
Bourne Shell,./scripts/system_upgrade.sh,1,0,23
Bourne Shell,./scripts/upgrade.sh,12,4,23
HTML,./src/assets/SPL2.html,1,0,23
SVG,./src/public/voodoo/assets/icons/building.svg,0,0,23
SVG,./src/public/voodoo/assets/icons/dna-off.svg,0,0,23
SVG,./src/public/voodoo/assets/icons/dna.svg,0,0,23
SVG,./src/public/voodoo/assets/icons/file-cog.svg,0,0,23
SVG,./src/public/voodoo/assets/icons/sun-snow.svg,0,0,23
JavaScript,./src/services/pool/docspunk/rebuild_hashes.js,9,0,23
Markdown,./docs/CLAs/CLA.md,15,0,22
Bourne Shell,./scripts/clean.sh,3,1,22
HTML,./src/public/spdy.html,0,9,22
CSS,./src/public/voodoo/.bang.html.snapshot/docs/components/sg-cells/style.css,5,0,22
SVG,./src/public/voodoo/assets/icons/calculator.svg,0,0,22
SVG,./src/public/voodoo/assets/icons/calendar-days.svg,0,0,22
SVG,./src/public/voodoo/assets/icons/cloud-cog.svg,0,0,22
SVG,./src/public/voodoo/assets/icons/cpu.svg,0,0,22
SVG,./src/public/voodoo/assets/icons/folder-cog.svg,0,0,22
SVG,./src/public/voodoo/assets/icons/shower-head.svg,0,0,22
SVG,./src/public/voodoo/assets/icons/sun-moon.svg,0,0,22
SVG,./src/public/voodoo/assets/icons/wheat-off.svg,0,0,22
JavaScript,./src/services/instance/pptr-console-server/websocket_chat_app_homework/public/tests/testAll.js,5,0,22
JavaScript,./src/public/scripts/populateHonorifics.js,8,2,21
CSS,./src/public/voodoo/.bang.html.snapshot/docs/components/warm-greeter/style.css,3,0,21
SVG,./src/public/voodoo/assets/icons/bug.svg,0,0,21
SVG,./src/public/voodoo/assets/icons/cake.svg,0,0,21
SVG,./src/public/voodoo/assets/icons/file-cog-2.svg,0,0,21
SVG,./src/public/voodoo/assets/icons/fingerprint.svg,0,0,21
SVG,./src/public/voodoo/assets/icons/grape.svg,0,0,21
SVG,./src/public/voodoo/assets/icons/keyboard.svg,0,0,21
SVG,./src/public/voodoo/assets/icons/party-popper.svg,0,0,21
SVG,./src/public/voodoo/assets/icons/sliders-horizontal.svg,0,0,21
SVG,./src/public/voodoo/assets/icons/sliders.svg,0,0,21
SVG,./src/public/voodoo/assets/icons/sun-dim.svg,0,0,21
SVG,./src/public/voodoo/assets/icons/sun-medium.svg,0,0,21
SVG,./src/public/voodoo/assets/icons/sun.svg,0,0,21
SVG,./src/public/voodoo/assets/icons/user-cog.svg,0,0,21
SVG,./src/public/voodoo/assets/icons/wand.svg,0,0,21
TypeScript,./src/zombie-lord/custom-launcher/test/launch-signature-test.ts,6,5,21
JavaScript,./src/public/plugins/demo/page.js,0,0,20
SVG,./src/public/voodoo/assets/icons/calendar-range.svg,0,0,20
SVG,./src/public/voodoo/assets/icons/candy-off.svg,0,0,20
SVG,./src/public/voodoo/assets/icons/cloud-sun-rain.svg,0,0,20
SVG,./src/public/voodoo/assets/icons/diamond.svg,0,0,20
SVG,./src/public/voodoo/assets/icons/film.svg,0,0,20
SVG,./src/public/voodoo/assets/icons/folder-cog-2.svg,0,0,20
SVG,./src/public/voodoo/assets/icons/haze.svg,0,0,20
SVG,./src/public/voodoo/assets/icons/hop-off.svg,0,0,20
SVG,./src/public/voodoo/assets/icons/hop.svg,0,0,20
SVG,./src/public/voodoo/assets/icons/loader.svg,0,0,20
SVG,./src/public/voodoo/assets/icons/siren.svg,0,0,20
SVG,./src/public/voodoo/assets/icons/slack.svg,0,0,20
SVG,./src/public/voodoo/assets/icons/sunrise.svg,0,0,20
SVG,./src/public/voodoo/assets/icons/sunset.svg,0,0,20
SVG,./src/public/voodoo/assets/icons/swords.svg,0,0,20
SVG,./src/public/voodoo/assets/icons/wand-2.svg,0,0,20
SVG,./src/public/voodoo/assets/icons/wheat.svg,0,0,20
JavaScript,./src/public/voodoo/src/handlers/selectInput.js,2,2,20
TypeScript,./src/zombie-lord/custom-launcher/test/utils-test.ts,4,15,20
HTML,./src/public/plugins/appminifier/index.html,1,6,19
JavaScript,./src/public/plugins/appminifier/page/listeners/focus.js,4,4,19
HTML,./src/public/voodoo/.bang.html.snapshot/docs/components/sg-multi-search/markup.html,0,0,19
CSS,./src/public/voodoo/.bang.html.snapshot/src/style.css,1,0,19
SVG,./src/public/voodoo/assets/icons/alarm-plus.svg,0,0,19
SVG,./src/public/voodoo/assets/icons/aperture.svg,0,0,19
SVG,./src/public/voodoo/assets/icons/building-2.svg,0,0,19
SVG,./src/public/voodoo/assets/icons/cigarette-off.svg,0,0,19
SVG,./src/public/voodoo/assets/icons/cloud-drizzle.svg,0,0,19
SVG,./src/public/voodoo/assets/icons/cloud-hail.svg,0,0,19
SVG,./src/public/voodoo/assets/icons/cloud-snow.svg,0,0,19
SVG,./src/public/voodoo/assets/icons/dice-6.svg,0,0,19
SVG,./src/public/voodoo/assets/icons/dumbbell.svg,0,0,19
SVG,./src/public/voodoo/assets/icons/life-buoy.svg,0,0,19
SVG,./src/public/voodoo/assets/icons/locate-off.svg,0,0,19
SVG,./src/public/voodoo/assets/icons/scan-face.svg,0,0,19
SVG,./src/public/voodoo/assets/icons/train.svg,0,0,19
SVG,./src/public/voodoo/assets/icons/usb.svg,0,0,19
SVG,./src/public/voodoo/assets/icons/wifi-off.svg,0,0,19
HTML,./src/public/voodoo/src/components/bb-tabs/markup.html,0,0,19
JavaScript,./src/services/instance/pptr-console-server/common.js,2,0,19
Bourne Shell,./scripts/new_release.sh,13,0,18
JavaScript,./src/public/plugins/demo/programmaticClickIntervention.js,1,0,18
JavaScript,./src/public/pptr_login.js,5,1,18
SVG,./src/public/voodoo/assets/icons/alarm-check.svg,0,0,18
SVG,./src/public/voodoo/assets/icons/alarm-clock-off.svg,0,0,18
SVG,./src/public/voodoo/assets/icons/alarm-clock.svg,0,0,18
SVG,./src/public/voodoo/assets/icons/alarm-minus.svg,0,0,18
SVG,./src/public/voodoo/assets/icons/align-horizontal-distribute-center.svg,0,0,18
SVG,./src/public/voodoo/assets/icons/align-vertical-distribute-center.svg,0,0,18
SVG,./src/public/voodoo/assets/icons/angry.svg,0,0,18
SVG,./src/public/voodoo/assets/icons/binary.svg,0,0,18
SVG,./src/public/voodoo/assets/icons/calendar-clock.svg,0,0,18
SVG,./src/public/voodoo/assets/icons/calendar-off.svg,0,0,18
SVG,./src/public/voodoo/assets/icons/calendar-plus.svg,0,0,18
SVG,./src/public/voodoo/assets/icons/calendar-search.svg,0,0,18
SVG,./src/public/voodoo/assets/icons/calendar-x-2.svg,0,0,18
SVG,./src/public/voodoo/assets/icons/calendar-x.svg,0,0,18
SVG,./src/public/voodoo/assets/icons/cat.svg,0,0,18
SVG,./src/public/voodoo/assets/icons/clipboard-list.svg,0,0,18
SVG,./src/public/voodoo/assets/icons/cloud-sun.svg,0,0,18
SVG,./src/public/voodoo/assets/icons/codesandbox.svg,0,0,18
SVG,./src/public/voodoo/assets/icons/cookie.svg,0,0,18
SVG,./src/public/voodoo/assets/icons/dice-5.svg,0,0,18
SVG,./src/public/voodoo/assets/icons/dices.svg,0,0,18
SVG,./src/public/voodoo/assets/icons/dog.svg,0,0,18
SVG,./src/public/voodoo/assets/icons/file-archive.svg,0,0,18
SVG,./src/public/voodoo/assets/icons/file-box.svg,0,0,18
SVG,./src/public/voodoo/assets/icons/file-scan.svg,0,0,18
SVG,./src/public/voodoo/assets/icons/file-spreadsheet.svg,0,0,18
SVG,./src/public/voodoo/assets/icons/flask-conical-off.svg,0,0,18
SVG,./src/public/voodoo/assets/icons/flip-horizontal-2.svg,0,0,18
SVG,./src/public/voodoo/assets/icons/flip-horizontal.svg,0,0,18
SVG,./src/public/voodoo/assets/icons/flip-vertical-2.svg,0,0,18
SVG,./src/public/voodoo/assets/icons/flip-vertical.svg,0,0,18
SVG,./src/public/voodoo/assets/icons/flower.svg,0,0,18
SVG,./src/public/voodoo/assets/icons/git-branch-plus.svg,0,0,18
SVG,./src/public/voodoo/assets/icons/git-pull-request-closed.svg,0,0,18
SVG,./src/public/voodoo/assets/icons/grip-horizontal.svg,0,0,18
SVG,./src/public/voodoo/assets/icons/grip-vertical.svg,0,0,18
SVG,./src/public/voodoo/assets/icons/image-off.svg,0,0,18
SVG,./src/public/voodoo/assets/icons/landmark.svg,0,0,18
SVG,./src/public/voodoo/assets/icons/languages.svg,0,0,18
SVG,./src/public/voodoo/assets/icons/layout-list.svg,0,0,18
SVG,./src/public/voodoo/assets/icons/list-checks.svg,0,0,18
SVG,./src/public/voodoo/assets/icons/list-ordered.svg,0,0,18
SVG,./src/public/voodoo/assets/icons/list.svg,0,0,18
SVG,./src/public/voodoo/assets/icons/locate-fixed.svg,0,0,18
SVG,./src/public/voodoo/assets/icons/medal.svg,0,0,18
SVG,./src/public/voodoo/assets/icons/mic-off.svg,0,0,18
SVG,./src/public/voodoo/assets/icons/microscope.svg,0,0,18
SVG,./src/public/voodoo/assets/icons/move.svg,0,0,18
SVG,./src/public/voodoo/assets/icons/package-plus.svg,0,0,18
SVG,./src/public/voodoo/assets/icons/package-search.svg,0,0,18
SVG,./src/public/voodoo/assets/icons/plug-zap.svg,0,0,18
SVG,./src/public/voodoo/assets/icons/recycle.svg,0,0,18
SVG,./src/public/voodoo/assets/icons/server-off.svg,0,0,18
SVG,./src/public/voodoo/assets/icons/smile-plus.svg,0,0,18
SVG,./src/public/voodoo/assets/icons/snowflake.svg,0,0,18
SVG,./src/public/voodoo/assets/icons/syringe.svg,0,0,18
SVG,./src/public/voodoo/assets/icons/thermometer-snowflake.svg,0,0,18
SVG,./src/public/voodoo/assets/icons/thermometer-sun.svg,0,0,18
SVG,./src/public/voodoo/assets/icons/trophy.svg,0,0,18
SVG,./src/public/voodoo/assets/icons/unlink.svg,0,0,18
JavaScript,./src/public/voodoo/src/subviews/pluginsMenuButton.js,5,2,18
JavaScript,./src/public/voodoo/src/subviews/viewportResetButton.js,5,0,18
Markdown,./docs/GIT_HISTORY_NOTE.md,17,0,17
HTML,./src/public/voodoo/.bang.html.snapshot/docs/components/warm-greeter/markup.html,0,0,17
SVG,./src/public/voodoo/assets/icons/accessibility.svg,0,0,17
SVG,./src/public/voodoo/assets/icons/align-center-horizontal.svg,0,0,17
SVG,./src/public/voodoo/assets/icons/align-center-vertical.svg,0,0,17
SVG,./src/public/voodoo/assets/icons/archive-restore.svg,0,0,17
SVG,./src/public/voodoo/assets/icons/backpack.svg,0,0,17
SVG,./src/public/voodoo/assets/icons/baggage-claim.svg,0,0,17
SVG,./src/public/voodoo/assets/icons/bath.svg,0,0,17
SVG,./src/public/voodoo/assets/icons/battery-full.svg,0,0,17
SVG,./src/public/voodoo/assets/icons/beer.svg,0,0,17
SVG,./src/public/voodoo/assets/icons/bell-off.svg,0,0,17
SVG,./src/public/voodoo/assets/icons/bot.svg,0,0,17
SVG,./src/public/voodoo/assets/icons/calendar-check-2.svg,0,0,17
SVG,./src/public/voodoo/assets/icons/calendar-check.svg,0,0,17
SVG,./src/public/voodoo/assets/icons/calendar-heart.svg,0,0,17
SVG,./src/public/voodoo/assets/icons/calendar-minus.svg,0,0,17
SVG,./src/public/voodoo/assets/icons/candy.svg,0,0,17
SVG,./src/public/voodoo/assets/icons/chrome.svg,0,0,17
SVG,./src/public/voodoo/assets/icons/cigarette.svg,0,0,17
SVG,./src/public/voodoo/assets/icons/citrus.svg,0,0,17
SVG,./src/public/voodoo/assets/icons/clipboard-copy.svg,0,0,17
SVG,./src/public/voodoo/assets/icons/clipboard-signature.svg,0,0,17
SVG,./src/public/voodoo/assets/icons/clipboard-type.svg,0,0,17
SVG,./src/public/voodoo/assets/icons/clover.svg,0,0,17
SVG,./src/public/voodoo/assets/icons/codepen.svg,0,0,17
SVG,./src/public/voodoo/assets/icons/coffee.svg,0,0,17
SVG,./src/public/voodoo/assets/icons/contact.svg,0,0,17
SVG,./src/public/voodoo/assets/icons/croissant.svg,0,0,17
SVG,./src/public/voodoo/assets/icons/crosshair.svg,0,0,17
SVG,./src/public/voodoo/assets/icons/currency.svg,0,0,17
SVG,./src/public/voodoo/assets/icons/dice-4.svg,0,0,17
SVG,./src/public/voodoo/assets/icons/ear-off.svg,0,0,17
SVG,./src/public/voodoo/assets/icons/figma.svg,0,0,17
SVG,./src/public/voodoo/assets/icons/file-audio-2.svg,0,0,17
SVG,./src/public/voodoo/assets/icons/file-audio.svg,0,0,17
SVG,./src/public/voodoo/assets/icons/file-bar-chart-2.svg,0,0,17
SVG,./src/public/voodoo/assets/icons/file-bar-chart.svg,0,0,17
SVG,./src/public/voodoo/assets/icons/file-digit.svg,0,0,17
SVG,./src/public/voodoo/assets/icons/file-key-2.svg,0,0,17
SVG,./src/public/voodoo/assets/icons/file-text.svg,0,0,17
SVG,./src/public/voodoo/assets/icons/file-type-2.svg,0,0,17
SVG,./src/public/voodoo/assets/icons/file-type.svg,0,0,17
SVG,./src/public/voodoo/assets/icons/file-volume-2.svg,0,0,17
SVG,./src/public/voodoo/assets/icons/flask-round.svg,0,0,17
SVG,./src/public/voodoo/assets/icons/flower-2.svg,0,0,17
SVG,./src/public/voodoo/assets/icons/focus.svg,0,0,17
SVG,./src/public/voodoo/assets/icons/gamepad-2.svg,0,0,17
SVG,./src/public/voodoo/assets/icons/gamepad.svg,0,0,17
SVG,./src/public/voodoo/assets/icons/gavel.svg,0,0,17
SVG,./src/public/voodoo/assets/icons/gift.svg,0,0,17
SVG,./src/public/voodoo/assets/icons/git-fork.svg,0,0,17
SVG,./src/public/voodoo/assets/icons/git-pull-request-draft.svg,0,0,17
SVG,./src/public/voodoo/assets/icons/glasses.svg,0,0,17
SVG,./src/public/voodoo/assets/icons/grab.svg,0,0,17
SVG,./src/public/voodoo/assets/icons/grid.svg,0,0,17
SVG,./src/public/voodoo/assets/icons/heading-3.svg,0,0,17
SVG,./src/public/voodoo/assets/icons/heading-4.svg,0,0,17
SVG,./src/public/voodoo/assets/icons/heading-5.svg,0,0,17
SVG,./src/public/voodoo/assets/icons/heading-6.svg,0,0,17
SVG,./src/public/voodoo/assets/icons/image-plus.svg,0,0,17
SVG,./src/public/voodoo/assets/icons/indian-rupee.svg,0,0,17
SVG,./src/public/voodoo/assets/icons/lasso-select.svg,0,0,17
SVG,./src/public/voodoo/assets/icons/lightbulb-off.svg,0,0,17
SVG,./src/public/voodoo/assets/icons/list-end.svg,0,0,17
SVG,./src/public/voodoo/assets/icons/list-music.svg,0,0,17
SVG,./src/public/voodoo/assets/icons/list-plus.svg,0,0,17
SVG,./src/public/voodoo/assets/icons/list-start.svg,0,0,17
SVG,./src/public/voodoo/assets/icons/list-x.svg,0,0,17
SVG,./src/public/voodoo/assets/icons/locate.svg,0,0,17
SVG,./src/public/voodoo/assets/icons/luggage.svg,0,0,17
SVG,./src/public/voodoo/assets/icons/mail-search.svg,0,0,17
SVG,./src/public/voodoo/assets/icons/map-pin-off.svg,0,0,17
SVG,./src/public/voodoo/assets/icons/microwave.svg,0,0,17
SVG,./src/public/voodoo/assets/icons/monitor-off.svg,0,0,17
SVG,./src/public/voodoo/assets/icons/monitor-speaker.svg,0,0,17
SVG,./src/public/voodoo/assets/icons/network.svg,0,0,17
SVG,./src/public/voodoo/assets/icons/nut-off.svg,0,0,17
SVG,./src/public/voodoo/assets/icons/package-check.svg,0,0,17
SVG,./src/public/voodoo/assets/icons/package-minus.svg,0,0,17
SVG,./src/public/voodoo/assets/icons/package-x.svg,0,0,17
SVG,./src/public/voodoo/assets/icons/palette.svg,0,0,17
SVG,./src/public/voodoo/assets/icons/pizza.svg,0,0,17
SVG,./src/public/voodoo/assets/icons/plug-2.svg,0,0,17
SVG,./src/public/voodoo/assets/icons/pointer.svg,0,0,17
SVG,./src/public/voodoo/assets/icons/radio.svg,0,0,17
SVG,./src/public/voodoo/assets/icons/repeat-1.svg,0,0,17
SVG,./src/public/voodoo/assets/icons/ruler.svg,0,0,17
SVG,./src/public/voodoo/assets/icons/russian-ruble.svg,0,0,17
SVG,./src/public/voodoo/assets/icons/scale.svg,0,0,17
SVG,./src/public/voodoo/assets/icons/scan-line.svg,0,0,17
SVG,./src/public/voodoo/assets/icons/scissors.svg,0,0,17
SVG,./src/public/voodoo/assets/icons/screen-share-off.svg,0,0,17
SVG,./src/public/voodoo/assets/icons/screen-share.svg,0,0,17
SVG,./src/public/voodoo/assets/icons/server-crash.svg,0,0,17
SVG,./src/public/voodoo/assets/icons/share-2.svg,0,0,17
SVG,./src/public/voodoo/assets/icons/sheet.svg,0,0,17
SVG,./src/public/voodoo/assets/icons/shuffle.svg,0,0,17
SVG,./src/public/voodoo/assets/icons/signal.svg,0,0,17
SVG,./src/public/voodoo/assets/icons/skull.svg,0,0,17
SVG,./src/public/voodoo/assets/icons/sofa.svg,0,0,17
SVG,./src/public/voodoo/assets/icons/sort-asc.svg,0,0,17
SVG,./src/public/voodoo/assets/icons/sort-desc.svg,0,0,17
SVG,./src/public/voodoo/assets/icons/sticker.svg,0,0,17
SVG,./src/public/voodoo/assets/icons/switch-camera.svg,0,0,17
SVG,./src/public/voodoo/assets/icons/tent.svg,0,0,17
SVG,./src/public/voodoo/assets/icons/timer-off.svg,0,0,17
SVG,./src/public/voodoo/assets/icons/tornado.svg,0,0,17
SVG,./src/public/voodoo/assets/icons/trash-2.svg,0,0,17
SVG,./src/public/voodoo/assets/icons/truck.svg,0,0,17
SVG,./src/public/voodoo/assets/icons/vibrate-off.svg,0,0,17
SVG,./src/public/voodoo/assets/icons/wine-off.svg,0,0,17
JavaScript,./src/services/instance/parec-server/public/request_login.js,2,0,17
JavaScript,./src/zombie-lord/adblocking/blocking.js,1,3,17
JavaScript,./src/zombie-lord/custom-launcher/dist/flags.js,0,20,17
CSS,./src/public/styleSPL.css,2,0,16
SVG,./src/public/voodoo/assets/icons/air-vent.svg,0,0,16
SVG,./src/public/voodoo/assets/icons/align-horizontal-distribute-end.svg,0,0,16
SVG,./src/public/voodoo/assets/icons/align-horizontal-distribute-start.svg,0,0,16
SVG,./src/public/voodoo/assets/icons/align-horizontal-space-between.svg,0,0,16
SVG,./src/public/voodoo/assets/icons/align-vertical-distribute-end.svg,0,0,16
SVG,./src/public/voodoo/assets/icons/align-vertical-distribute-start.svg,0,0,16
SVG,./src/public/voodoo/assets/icons/align-vertical-space-between.svg,0,0,16
SVG,./src/public/voodoo/assets/icons/annoyed.svg,0,0,16
SVG,./src/public/voodoo/assets/icons/armchair.svg,0,0,16
SVG,./src/public/voodoo/assets/icons/arrow-left-right.svg,0,0,16
SVG,./src/public/voodoo/assets/icons/arrow-up-down.svg,0,0,16
SVG,./src/public/voodoo/assets/icons/baby.svg,0,0,16
SVG,./src/public/voodoo/assets/icons/bar-chart-3.svg,0,0,16
SVG,./src/public/voodoo/assets/icons/bar-chart-4.svg,0,0,16
SVG,./src/public/voodoo/assets/icons/bar-chart-horizontal.svg,0,0,16
SVG,./src/public/voodoo/assets/icons/battery-charging.svg,0,0,16
SVG,./src/public/voodoo/assets/icons/battery-medium.svg,0,0,16
SVG,./src/public/voodoo/assets/icons/bean-off.svg,0,0,16
SVG,./src/public/voodoo/assets/icons/bed-double.svg,0,0,16
SVG,./src/public/voodoo/assets/icons/bed.svg,0,0,16
SVG,./src/public/voodoo/assets/icons/bell-plus.svg,0,0,16
SVG,./src/public/voodoo/assets/icons/bell-ring.svg,0,0,16
SVG,./src/public/voodoo/assets/icons/bus.svg,0,0,16
SVG,./src/public/voodoo/assets/icons/calendar.svg,0,0,16
SVG,./src/public/voodoo/assets/icons/camera-off.svg,0,0,16
SVG,./src/public/voodoo/assets/icons/cast.svg,0,0,16
SVG,./src/public/voodoo/assets/icons/cherry.svg,0,0,16
SVG,./src/public/voodoo/assets/icons/circle-ellipsis.svg,0,0,16
SVG,./src/public/voodoo/assets/icons/clapperboard.svg,0,0,16
SVG,./src/public/voodoo/assets/icons/clipboard-edit.svg,0,0,16
SVG,./src/public/voodoo/assets/icons/clipboard-x.svg,0,0,16
SVG,./src/public/voodoo/assets/icons/cloud-moon-rain.svg,0,0,16
SVG,./src/public/voodoo/assets/icons/cloud-rain-wind.svg,0,0,16
SVG,./src/public/voodoo/assets/icons/cloud-rain.svg,0,0,16
SVG,./src/public/voodoo/assets/icons/coins.svg,0,0,16
SVG,./src/public/voodoo/assets/icons/component.svg,0,0,16
SVG,./src/public/voodoo/assets/icons/concierge-bell.svg,0,0,16
SVG,./src/public/voodoo/assets/icons/cup-soda.svg,0,0,16
SVG,./src/public/voodoo/assets/icons/dice-3.svg,0,0,16
SVG,./src/public/voodoo/assets/icons/divide-circle.svg,0,0,16
SVG,./src/public/voodoo/assets/icons/divide-square.svg,0,0,16
SVG,./src/public/voodoo/assets/icons/dribbble.svg,0,0,16
SVG,./src/public/voodoo/assets/icons/expand.svg,0,0,16
SVG,./src/public/voodoo/assets/icons/eye-off.svg,0,0,16
SVG,./src/public/voodoo/assets/icons/factory.svg,0,0,16
SVG,./src/public/voodoo/assets/icons/file-axis-3d.svg,0,0,16
SVG,./src/public/voodoo/assets/icons/file-badge.svg,0,0,16
SVG,./src/public/voodoo/assets/icons/file-clock.svg,0,0,16
SVG,./src/public/voodoo/assets/icons/file-code.svg,0,0,16
SVG,./src/public/voodoo/assets/icons/file-diff.svg,0,0,16
SVG,./src/public/voodoo/assets/icons/file-down.svg,0,0,16
SVG,./src/public/voodoo/assets/icons/file-image.svg,0,0,16
SVG,./src/public/voodoo/assets/icons/file-input.svg,0,0,16
SVG,./src/public/voodoo/assets/icons/file-json-2.svg,0,0,16
SVG,./src/public/voodoo/assets/icons/file-json.svg,0,0,16
SVG,./src/public/voodoo/assets/icons/file-key.svg,0,0,16
SVG,./src/public/voodoo/assets/icons/file-lock-2.svg,0,0,16
SVG,./src/public/voodoo/assets/icons/file-output.svg,0,0,16
SVG,./src/public/voodoo/assets/icons/file-pie-chart.svg,0,0,16
SVG,./src/public/voodoo/assets/icons/file-plus-2.svg,0,0,16
SVG,./src/public/voodoo/assets/icons/file-plus.svg,0,0,16
SVG,./src/public/voodoo/assets/icons/file-search-2.svg,0,0,16
SVG,./src/public/voodoo/assets/icons/file-search.svg,0,0,16
SVG,./src/public/voodoo/assets/icons/file-symlink.svg,0,0,16
SVG,./src/public/voodoo/assets/icons/file-terminal.svg,0,0,16
SVG,./src/public/voodoo/assets/icons/file-up.svg,0,0,16
SVG,./src/public/voodoo/assets/icons/file-video-2.svg,0,0,16
SVG,./src/public/voodoo/assets/icons/file-volume.svg,0,0,16
SVG,./src/public/voodoo/assets/icons/file-x-2.svg,0,0,16
SVG,./src/public/voodoo/assets/icons/file-x.svg,0,0,16
SVG,./src/public/voodoo/assets/icons/flag-off.svg,0,0,16
SVG,./src/public/voodoo/assets/icons/flashlight-off.svg,0,0,16
SVG,./src/public/voodoo/assets/icons/folder-archive.svg,0,0,16
SVG,./src/public/voodoo/assets/icons/folder-key.svg,0,0,16
SVG,./src/public/voodoo/assets/icons/folder-tree.svg,0,0,16
SVG,./src/public/voodoo/assets/icons/form-input.svg,0,0,16
SVG,./src/public/voodoo/assets/icons/frame.svg,0,0,16
SVG,./src/public/voodoo/assets/icons/frown.svg,0,0,16
SVG,./src/public/voodoo/assets/icons/fuel.svg,0,0,16
SVG,./src/public/voodoo/assets/icons/gem.svg,0,0,16
SVG,./src/public/voodoo/assets/icons/git-branch.svg,0,0,16
SVG,./src/public/voodoo/assets/icons/git-compare.svg,0,0,16
SVG,./src/public/voodoo/assets/icons/git-pull-request.svg,0,0,16
SVG,./src/public/voodoo/assets/icons/globe-2.svg,0,0,16
SVG,./src/public/voodoo/assets/icons/hand-metal.svg,0,0,16
SVG,./src/public/voodoo/assets/icons/hand.svg,0,0,16
SVG,./src/public/voodoo/assets/icons/hard-drive.svg,0,0,16
SVG,./src/public/voodoo/assets/icons/hard-hat.svg,0,0,16
SVG,./src/public/voodoo/assets/icons/hash.svg,0,0,16
SVG,./src/public/voodoo/assets/icons/heading-1.svg,0,0,16
SVG,./src/public/voodoo/assets/icons/heading-2.svg,0,0,16
SVG,./src/public/voodoo/assets/icons/heart-handshake.svg,0,0,16
SVG,./src/public/voodoo/assets/icons/hourglass.svg,0,0,16
SVG,./src/public/voodoo/assets/icons/image-minus.svg,0,0,16
SVG,./src/public/voodoo/assets/icons/indent.svg,0,0,16
SVG,./src/public/voodoo/assets/icons/joystick.svg,0,0,16
SVG,./src/public/voodoo/assets/icons/lamp-desk.svg,0,0,16
SVG,./src/public/voodoo/assets/icons/laugh.svg,0,0,16
SVG,./src/public/voodoo/assets/icons/layout-dashboard.svg,0,0,16
SVG,./src/public/voodoo/assets/icons/layout-grid.svg,0,0,16
SVG,./src/public/voodoo/assets/icons/library.svg,0,0,16
SVG,./src/public/voodoo/assets/icons/link-2-off.svg,0,0,16
SVG,./src/public/voodoo/assets/icons/list-minus.svg,0,0,16
SVG,./src/public/voodoo/assets/icons/list-video.svg,0,0,16
SVG,./src/public/voodoo/assets/icons/mail-plus.svg,0,0,16
SVG,./src/public/voodoo/assets/icons/mail-question.svg,0,0,16
SVG,./src/public/voodoo/assets/icons/mail-warning.svg,0,0,16
SVG,./src/public/voodoo/assets/icons/mail-x.svg,0,0,16
SVG,./src/public/voodoo/assets/icons/maximize-2.svg,0,0,16
SVG,./src/public/voodoo/assets/icons/maximize.svg,0,0,16
SVG,./src/public/voodoo/assets/icons/megaphone-off.svg,0,0,16
SVG,./src/public/voodoo/assets/icons/meh.svg,0,0,16
SVG,./src/public/voodoo/assets/icons/milk-off.svg,0,0,16
SVG,./src/public/voodoo/assets/icons/minimize-2.svg,0,0,16
SVG,./src/public/voodoo/assets/icons/minimize.svg,0,0,16
SVG,./src/public/voodoo/assets/icons/monitor-smartphone.svg,0,0,16
SVG,./src/public/voodoo/assets/icons/move-3d.svg,0,0,16
SVG,./src/public/voodoo/assets/icons/music-4.svg,0,0,16
SVG,./src/public/voodoo/assets/icons/newspaper.svg,0,0,16
SVG,./src/public/voodoo/assets/icons/outdent.svg,0,0,16
SVG,./src/public/voodoo/assets/icons/package-open.svg,0,0,16
SVG,./src/public/voodoo/assets/icons/package.svg,0,0,16
SVG,./src/public/voodoo/assets/icons/paint-bucket.svg,0,0,16
SVG,./src/public/voodoo/assets/icons/paintbrush-2.svg,0,0,16
SVG,./src/public/voodoo/assets/icons/palmtree.svg,0,0,16
SVG,./src/public/voodoo/assets/icons/pen-tool.svg,0,0,16
SVG,./src/public/voodoo/assets/icons/person-standing.svg,0,0,16
SVG,./src/public/voodoo/assets/icons/pin-off.svg,0,0,16
SVG,./src/public/voodoo/assets/icons/plug.svg,0,0,16
SVG,./src/public/voodoo/assets/icons/podcast.svg,0,0,16
SVG,./src/public/voodoo/assets/icons/pound-sterling.svg,0,0,16
SVG,./src/public/voodoo/assets/icons/power-off.svg,0,0,16
SVG,./src/public/voodoo/assets/icons/radio-receiver.svg,0,0,16
SVG,./src/public/voodoo/assets/icons/refresh-ccw.svg,0,0,16
SVG,./src/public/voodoo/assets/icons/refresh-cw.svg,0,0,16
SVG,./src/public/voodoo/assets/icons/regex.svg,0,0,16
SVG,./src/public/voodoo/assets/icons/repeat.svg,0,0,16
SVG,./src/public/voodoo/assets/icons/rocket.svg,0,0,16
SVG,./src/public/voodoo/assets/icons/rocking-chair.svg,0,0,16
SVG,./src/public/voodoo/assets/icons/scale-3d.svg,0,0,16
SVG,./src/public/voodoo/assets/icons/scaling.svg,0,0,16
SVG,./src/public/voodoo/assets/icons/scan.svg,0,0,16
SVG,./src/public/voodoo/assets/icons/scroll.svg,0,0,16
SVG,./src/public/voodoo/assets/icons/server.svg,0,0,16
SVG,./src/public/voodoo/assets/icons/settings-2.svg,0,0,16
SVG,./src/public/voodoo/assets/icons/shrink.svg,0,0,16
SVG,./src/public/voodoo/assets/icons/signal-high.svg,0,0,16
SVG,./src/public/voodoo/assets/icons/smile.svg,0,0,16
SVG,./src/public/voodoo/assets/icons/sprout.svg,0,0,16
SVG,./src/public/voodoo/assets/icons/sword.svg,0,0,16
SVG,./src/public/voodoo/assets/icons/table.svg,0,0,16
SVG,./src/public/voodoo/assets/icons/text-cursor-input.svg,0,0,16
SVG,./src/public/voodoo/assets/icons/ticket.svg,0,0,16
SVG,./src/public/voodoo/assets/icons/timer-reset.svg,0,0,16
SVG,./src/public/voodoo/assets/icons/trees.svg,0,0,16
SVG,./src/public/voodoo/assets/icons/user-plus.svg,0,0,16
SVG,./src/public/voodoo/assets/icons/user-x.svg,0,0,16
SVG,./src/public/voodoo/assets/icons/users.svg,0,0,16
SVG,./src/public/voodoo/assets/icons/utensils-crossed.svg,0,0,16
SVG,./src/public/voodoo/assets/icons/view.svg,0,0,16
SVG,./src/public/voodoo/assets/icons/watch.svg,0,0,16
SVG,./src/public/voodoo/assets/icons/webcam.svg,0,0,16
SVG,./src/public/voodoo/assets/icons/wifi.svg,0,0,16
SVG,./src/public/voodoo/assets/icons/wine.svg,0,0,16
SVG,./src/public/voodoo/assets/icons/wrap-text.svg,0,0,16
SVG,./src/public/voodoo/assets/icons/zap-off.svg,0,0,16
SVG,./src/public/voodoo/assets/icons/zoom-in.svg,0,0,16
HTML,./src/public/voodoo/src/components/bb-bar/markup.html,0,0,16
HTML,./src/public/voodoo/src/components/bb-select-tab/markup.html,0,0,16
JavaScript,./src/public/voodoo/src/handlers/elementInfo.js,2,0,16
JavaScript,./src/services/instance/pptr-console-server/websocket_chat_app_homework/public/chat_login.js,0,0,16
JavaScript,./src/services/pool/crdp-secure-proxy-server/public/devtools_login.js,0,0,16
HTML,./src/services/pool/docspunk/public/error.html,0,0,16
TypeScript,./src/zombie-lord/custom-launcher/src/flags.ts,1,19,16
JavaScript,./src/zombie-lord/demoblocking/blockedResponse.js,3,0,16
Markdown,./docs/remote-browser-isolation.md,14,0,15
Bourne Shell,./scripts/kill-pm2.sh,5,1,15
CSS,./src/public/assets/style/style.css,1,0,15
HTML,./src/public/plugins/demo/index.html,1,0,15
JavaScript,./src/public/prod/ask-before-unload.js,2,0,15
JavaScript,./src/public/scripts/currentPageAnchor.js,2,4,15
JavaScript,./src/public/voodoo/.bang.html.snapshot/.eslintrc.js,0,0,15
JavaScript,./src/public/voodoo/.bang.html.snapshot/docs/components/sg-cell/script.js,2,0,15
HTML,./src/public/voodoo/.bang.html.snapshot/docs/components/sg-temp-converter/markup.html,0,0,15
JavaScript,./src/public/voodoo/.bang.html.snapshot/src/vv/.eslintrc.js,0,0,15
SVG,./src/public/voodoo/assets/icons/alert-circle.svg,0,0,15
SVG,./src/public/voodoo/assets/icons/alert-octagon.svg,0,0,15
SVG,./src/public/voodoo/assets/icons/alert-triangle.svg,0,0,15
SVG,./src/public/voodoo/assets/icons/align-center.svg,0,0,15
SVG,./src/public/voodoo/assets/icons/align-end-horizontal.svg,0,0,15
SVG,./src/public/voodoo/assets/icons/align-end-vertical.svg,0,0,15
SVG,./src/public/voodoo/assets/icons/align-horizontal-justify-center.svg,0,0,15
SVG,./src/public/voodoo/assets/icons/align-horizontal-justify-end.svg,0,0,15
SVG,./src/public/voodoo/assets/icons/align-horizontal-justify-start.svg,0,0,15
SVG,./src/public/voodoo/assets/icons/align-horizontal-space-around.svg,0,0,15
SVG,./src/public/voodoo/assets/icons/align-justify.svg,0,0,15
SVG,./src/public/voodoo/assets/icons/align-left.svg,0,0,15
SVG,./src/public/voodoo/assets/icons/align-right.svg,0,0,15
SVG,./src/public/voodoo/assets/icons/align-start-horizontal.svg,0,0,15
SVG,./src/public/voodoo/assets/icons/align-start-vertical.svg,0,0,15
SVG,./src/public/voodoo/assets/icons/align-vertical-justify-center.svg,0,0,15
SVG,./src/public/voodoo/assets/icons/align-vertical-justify-end.svg,0,0,15
SVG,./src/public/voodoo/assets/icons/align-vertical-justify-start.svg,0,0,15
SVG,./src/public/voodoo/assets/icons/align-vertical-space-around.svg,0,0,15
SVG,./src/public/voodoo/assets/icons/anchor.svg,0,0,15
SVG,./src/public/voodoo/assets/icons/archive.svg,0,0,15
SVG,./src/public/voodoo/assets/icons/arrow-down-circle.svg,0,0,15
SVG,./src/public/voodoo/assets/icons/arrow-left-circle.svg,0,0,15
SVG,./src/public/voodoo/assets/icons/arrow-right-circle.svg,0,0,15
SVG,./src/public/voodoo/assets/icons/arrow-up-circle.svg,0,0,15
SVG,./src/public/voodoo/assets/icons/asterisk.svg,0,0,15
SVG,./src/public/voodoo/assets/icons/banknote.svg,0,0,15
SVG,./src/public/voodoo/assets/icons/bar-chart-2.svg,0,0,15
SVG,./src/public/voodoo/assets/icons/bar-chart.svg,0,0,15
SVG,./src/public/voodoo/assets/icons/baseline.svg,0,0,15
SVG,./src/public/voodoo/assets/icons/battery-low.svg,0,0,15
SVG,./src/public/voodoo/assets/icons/beaker.svg,0,0,15
SVG,./src/public/voodoo/assets/icons/bed-single.svg,0,0,15
SVG,./src/public/voodoo/assets/icons/bell-minus.svg,0,0,15
SVG,./src/public/voodoo/assets/icons/bike.svg,0,0,15
SVG,./src/public/voodoo/assets/icons/bluetooth-connected.svg,0,0,15
SVG,./src/public/voodoo/assets/icons/bluetooth-off.svg,0,0,15
SVG,./src/public/voodoo/assets/icons/bluetooth-searching.svg,0,0,15
SVG,./src/public/voodoo/assets/icons/bomb.svg,0,0,15
SVG,./src/public/voodoo/assets/icons/book-open-check.svg,0,0,15
SVG,./src/public/voodoo/assets/icons/bookmark-plus.svg,0,0,15
SVG,./src/public/voodoo/assets/icons/box.svg,0,0,15
SVG,./src/public/voodoo/assets/icons/car.svg,0,0,15
SVG,./src/public/voodoo/assets/icons/carrot.svg,0,0,15
SVG,./src/public/voodoo/assets/icons/clipboard-check.svg,0,0,15
SVG,./src/public/voodoo/assets/icons/cloud-fog.svg,0,0,15
SVG,./src/public/voodoo/assets/icons/cloud-off.svg,0,0,15
SVG,./src/public/voodoo/assets/icons/code-2.svg,0,0,15
SVG,./src/public/voodoo/assets/icons/database.svg,0,0,15
SVG,./src/public/voodoo/assets/icons/delete.svg,0,0,15
SVG,./src/public/voodoo/assets/icons/dice-2.svg,0,0,15
SVG,./src/public/voodoo/assets/icons/diff.svg,0,0,15
SVG,./src/public/voodoo/assets/icons/divide.svg,0,0,15
SVG,./src/public/voodoo/assets/icons/download-cloud.svg,0,0,15
SVG,./src/public/voodoo/assets/icons/download.svg,0,0,15
SVG,./src/public/voodoo/assets/icons/egg-off.svg,0,0,15
SVG,./src/public/voodoo/assets/icons/equal-not.svg,0,0,15
SVG,./src/public/voodoo/assets/icons/eraser.svg,0,0,15
SVG,./src/public/voodoo/assets/icons/euro.svg,0,0,15
SVG,./src/public/voodoo/assets/icons/external-link.svg,0,0,15
SVG,./src/public/voodoo/assets/icons/feather.svg,0,0,15
SVG,./src/public/voodoo/assets/icons/file-badge-2.svg,0,0,15
SVG,./src/public/voodoo/assets/icons/file-check-2.svg,0,0,15
SVG,./src/public/voodoo/assets/icons/file-check.svg,0,0,15
SVG,./src/public/voodoo/assets/icons/file-edit.svg,0,0,15
SVG,./src/public/voodoo/assets/icons/file-heart.svg,0,0,15
SVG,./src/public/voodoo/assets/icons/file-line-chart.svg,0,0,15
SVG,./src/public/voodoo/assets/icons/file-lock.svg,0,0,15
SVG,./src/public/voodoo/assets/icons/file-minus-2.svg,0,0,15
SVG,./src/public/voodoo/assets/icons/file-minus.svg,0,0,15
SVG,./src/public/voodoo/assets/icons/file-question.svg,0,0,15
SVG,./src/public/voodoo/assets/icons/file-signature.svg,0,0,15
SVG,./src/public/voodoo/assets/icons/file-video.svg,0,0,15
SVG,./src/public/voodoo/assets/icons/file-warning.svg,0,0,15
SVG,./src/public/voodoo/assets/icons/files.svg,0,0,15
SVG,./src/public/voodoo/assets/icons/flashlight.svg,0,0,15
SVG,./src/public/voodoo/assets/icons/flask-conical.svg,0,0,15
SVG,./src/public/voodoo/assets/icons/folder-clock.svg,0,0,15
SVG,./src/public/voodoo/assets/icons/folder-down.svg,0,0,15
SVG,./src/public/voodoo/assets/icons/folder-input.svg,0,0,15
SVG,./src/public/voodoo/assets/icons/folder-lock.svg,0,0,15
SVG,./src/public/voodoo/assets/icons/folder-output.svg,0,0,15
SVG,./src/public/voodoo/assets/icons/folder-plus.svg,0,0,15
SVG,./src/public/voodoo/assets/icons/folder-search-2.svg,0,0,15
SVG,./src/public/voodoo/assets/icons/folder-search.svg,0,0,15
SVG,./src/public/voodoo/assets/icons/folder-symlink.svg,0,0,15
SVG,./src/public/voodoo/assets/icons/folder-up.svg,0,0,15
SVG,./src/public/voodoo/assets/icons/folder-x.svg,0,0,15
SVG,./src/public/voodoo/assets/icons/function-square.svg,0,0,15
SVG,./src/public/voodoo/assets/icons/ghost.svg,0,0,15
SVG,./src/public/voodoo/assets/icons/git-commit.svg,0,0,15
SVG,./src/public/voodoo/assets/icons/git-merge.svg,0,0,15
SVG,./src/public/voodoo/assets/icons/globe.svg,0,0,15
SVG,./src/public/voodoo/assets/icons/hammer.svg,0,0,15
SVG,./src/public/voodoo/assets/icons/heading.svg,0,0,15
SVG,./src/public/voodoo/assets/icons/heart-off.svg,0,0,15
SVG,./src/public/voodoo/assets/icons/help-circle.svg,0,0,15
SVG,./src/public/voodoo/assets/icons/history.svg,0,0,15
SVG,./src/public/voodoo/assets/icons/ice-cream.svg,0,0,15
SVG,./src/public/voodoo/assets/icons/image.svg,0,0,15
SVG,./src/public/voodoo/assets/icons/import.svg,0,0,15
SVG,./src/public/voodoo/assets/icons/info.svg,0,0,15
SVG,./src/public/voodoo/assets/icons/instagram.svg,0,0,15
SVG,./src/public/voodoo/assets/icons/italic.svg,0,0,15
SVG,./src/public/voodoo/assets/icons/japanese-yen.svg,0,0,15
SVG,./src/public/voodoo/assets/icons/lamp-ceiling.svg,0,0,15
SVG,./src/public/voodoo/assets/icons/lamp-floor.svg,0,0,15
SVG,./src/public/voodoo/assets/icons/lamp-wall-down.svg,0,0,15
SVG,./src/public/voodoo/assets/icons/lamp-wall-up.svg,0,0,15
SVG,./src/public/voodoo/assets/icons/lamp.svg,0,0,15
SVG,./src/public/voodoo/assets/icons/lasso.svg,0,0,15
SVG,./src/public/voodoo/assets/icons/layers.svg,0,0,15
SVG,./src/public/voodoo/assets/icons/layout-template.svg,0,0,15
SVG,./src/public/voodoo/assets/icons/layout.svg,0,0,15
SVG,./src/public/voodoo/assets/icons/lightbulb.svg,0,0,15
SVG,./src/public/voodoo/assets/icons/link-2.svg,0,0,15
SVG,./src/public/voodoo/assets/icons/linkedin.svg,0,0,15
SVG,./src/public/voodoo/assets/icons/log-in.svg,0,0,15
SVG,./src/public/voodoo/assets/icons/log-out.svg,0,0,15
SVG,./src/public/voodoo/assets/icons/magnet.svg,0,0,15
SVG,./src/public/voodoo/assets/icons/mail-check.svg,0,0,15
SVG,./src/public/voodoo/assets/icons/mail-minus.svg,0,0,15
SVG,./src/public/voodoo/assets/icons/mails.svg,0,0,15
SVG,./src/public/voodoo/assets/icons/map.svg,0,0,15
SVG,./src/public/voodoo/assets/icons/martini.svg,0,0,15
SVG,./src/public/voodoo/assets/icons/menu.svg,0,0,15
SVG,./src/public/voodoo/assets/icons/mic.svg,0,0,15
SVG,./src/public/voodoo/assets/icons/milestone.svg,0,0,15
SVG,./src/public/voodoo/assets/icons/milk.svg,0,0,15
SVG,./src/public/voodoo/assets/icons/monitor.svg,0,0,15
SVG,./src/public/voodoo/assets/icons/more-horizontal.svg,0,0,15
SVG,./src/public/voodoo/assets/icons/more-vertical.svg,0,0,15
SVG,./src/public/voodoo/assets/icons/mouse-pointer-click.svg,0,0,15
SVG,./src/public/voodoo/assets/icons/move-diagonal-2.svg,0,0,15
SVG,./src/public/voodoo/assets/icons/move-diagonal.svg,0,0,15
SVG,./src/public/voodoo/assets/icons/move-horizontal.svg,0,0,15
SVG,./src/public/voodoo/assets/icons/move-vertical.svg,0,0,15
SVG,./src/public/voodoo/assets/icons/music.svg,0,0,15
SVG,./src/public/voodoo/assets/icons/navigation-2-off.svg,0,0,15
SVG,./src/public/voodoo/assets/icons/navigation-off.svg,0,0,15
SVG,./src/public/voodoo/assets/icons/nut.svg,0,0,15
SVG,./src/public/voodoo/assets/icons/package-2.svg,0,0,15
SVG,./src/public/voodoo/assets/icons/paintbrush.svg,0,0,15
SVG,./src/public/voodoo/assets/icons/pause-circle.svg,0,0,15
SVG,./src/public/voodoo/assets/icons/pause-octagon.svg,0,0,15
SVG,./src/public/voodoo/assets/icons/percent.svg,0,0,15
SVG,./src/public/voodoo/assets/icons/phone-call.svg,0,0,15
SVG,./src/public/voodoo/assets/icons/phone-forwarded.svg,0,0,15
SVG,./src/public/voodoo/assets/icons/phone-incoming.svg,0,0,15
SVG,./src/public/voodoo/assets/icons/phone-missed.svg,0,0,15
SVG,./src/public/voodoo/assets/icons/phone-outgoing.svg,0,0,15
SVG,./src/public/voodoo/assets/icons/piggy-bank.svg,0,0,15
SVG,./src/public/voodoo/assets/icons/pilcrow.svg,0,0,15
SVG,./src/public/voodoo/assets/icons/pipette.svg,0,0,15
SVG,./src/public/voodoo/assets/icons/plus-circle.svg,0,0,15
SVG,./src/public/voodoo/assets/icons/plus-square.svg,0,0,15
SVG,./src/public/voodoo/assets/icons/printer.svg,0,0,15
SVG,./src/public/voodoo/assets/icons/refrigerator.svg,0,0,15
SVG,./src/public/voodoo/assets/icons/reply-all.svg,0,0,15
SVG,./src/public/voodoo/assets/icons/rotate-3d.svg,0,0,15
SVG,./src/public/voodoo/assets/icons/rss.svg,0,0,15
SVG,./src/public/voodoo/assets/icons/sailboat.svg,0,0,15
SVG,./src/public/voodoo/assets/icons/save.svg,0,0,15
SVG,./src/public/voodoo/assets/icons/separator-horizontal.svg,0,0,15
SVG,./src/public/voodoo/assets/icons/separator-vertical.svg,0,0,15
SVG,./src/public/voodoo/assets/icons/share.svg,0,0,15
SVG,./src/public/voodoo/assets/icons/shield-alert.svg,0,0,15
SVG,./src/public/voodoo/assets/icons/shield-close.svg,0,0,15
SVG,./src/public/voodoo/assets/icons/shield-off.svg,0,0,15
SVG,./src/public/voodoo/assets/icons/shopping-bag.svg,0,0,15
SVG,./src/public/voodoo/assets/icons/shopping-cart.svg,0,0,15
SVG,./src/public/voodoo/assets/icons/shovel.svg,0,0,15
SVG,./src/public/voodoo/assets/icons/shrub.svg,0,0,15
SVG,./src/public/voodoo/assets/icons/sidebar-close.svg,0,0,15
SVG,./src/public/voodoo/assets/icons/sidebar-open.svg,0,0,15
SVG,./src/public/voodoo/assets/icons/signal-medium.svg,0,0,15
SVG,./src/public/voodoo/assets/icons/speaker.svg,0,0,15
SVG,./src/public/voodoo/assets/icons/spline.svg,0,0,15
SVG,./src/public/voodoo/assets/icons/star-off.svg,0,0,15
SVG,./src/public/voodoo/assets/icons/stethoscope.svg,0,0,15
SVG,./src/public/voodoo/assets/icons/strikethrough.svg,0,0,15
SVG,./src/public/voodoo/assets/icons/subscript.svg,0,0,15
SVG,./src/public/voodoo/assets/icons/superscript.svg,0,0,15
SVG,./src/public/voodoo/assets/icons/swiss-franc.svg,0,0,15
SVG,./src/public/voodoo/assets/icons/tags.svg,0,0,15
SVG,./src/public/voodoo/assets/icons/target.svg,0,0,15
SVG,./src/public/voodoo/assets/icons/terminal-square.svg,0,0,15
SVG,./src/public/voodoo/assets/icons/text-cursor.svg,0,0,15
SVG,./src/public/voodoo/assets/icons/timer.svg,0,0,15
SVG,./src/public/voodoo/assets/icons/toy-brick.svg,0,0,15
SVG,./src/public/voodoo/assets/icons/trash.svg,0,0,15
SVG,./src/public/voodoo/assets/icons/trello.svg,0,0,15
SVG,./src/public/voodoo/assets/icons/type.svg,0,0,15
SVG,./src/public/voodoo/assets/icons/umbrella.svg,0,0,15
SVG,./src/public/voodoo/assets/icons/upload-cloud.svg,0,0,15
SVG,./src/public/voodoo/assets/icons/upload.svg,0,0,15
SVG,./src/public/voodoo/assets/icons/user-check.svg,0,0,15
SVG,./src/public/voodoo/assets/icons/user-minus.svg,0,0,15
SVG,./src/public/voodoo/assets/icons/utensils.svg,0,0,15
SVG,./src/public/voodoo/assets/icons/vegan.svg,0,0,15
SVG,./src/public/voodoo/assets/icons/venetian-mask.svg,0,0,15
SVG,./src/public/voodoo/assets/icons/vibrate.svg,0,0,15
SVG,./src/public/voodoo/assets/icons/video-off.svg,0,0,15
SVG,./src/public/voodoo/assets/icons/voicemail.svg,0,0,15
SVG,./src/public/voodoo/assets/icons/volume-2.svg,0,0,15
SVG,./src/public/voodoo/assets/icons/volume-x.svg,0,0,15
SVG,./src/public/voodoo/assets/icons/wallet.svg,0,0,15
SVG,./src/public/voodoo/assets/icons/waves.svg,0,0,15
SVG,./src/public/voodoo/assets/icons/webhook.svg,0,0,15
SVG,./src/public/voodoo/assets/icons/wind.svg,0,0,15
SVG,./src/public/voodoo/assets/icons/x-circle.svg,0,0,15
SVG,./src/public/voodoo/assets/icons/x-octagon.svg,0,0,15
SVG,./src/public/voodoo/assets/icons/x-square.svg,0,0,15
SVG,./src/public/voodoo/assets/icons/zoom-out.svg,0,0,15
JavaScript,./src/public/voodoo/src/handlers/loadingIndicator.js,2,0,15
JavaScript,./src/public/voodoo/src/subviews/tabList.js,1,0,15
JavaScript,./src/zombie-lord/custom-launcher/dist/random-port.js,0,9,15
Bourne Shell,./src/zombie-lord/custom-launcher/scripts/download-chrome.sh,5,6,15
Dockerfile,./Dockerfile,2,0,14
CSS,./src/public/voodoo/.bang.html.snapshot/docs/components/sg-circle/style.css,1,0,14
HTML,./src/public/voodoo/.bang.html.snapshot/docs/components/sg-timer/markup.html,0,0,14
JavaScript,./src/public/voodoo/.bang.html.snapshot/webpack.config.js,1,33,14
SVG,./src/public/voodoo/assets/icons/airplay.svg,0,0,14
SVG,./src/public/voodoo/assets/icons/album.svg,0,0,14
SVG,./src/public/voodoo/assets/icons/apple.svg,0,0,14
SVG,./src/public/voodoo/assets/icons/arrow-down-left.svg,0,0,14
SVG,./src/public/voodoo/assets/icons/arrow-down-right.svg,0,0,14
SVG,./src/public/voodoo/assets/icons/arrow-down.svg,0,0,14
SVG,./src/public/voodoo/assets/icons/arrow-left.svg,0,0,14
SVG,./src/public/voodoo/assets/icons/arrow-right.svg,0,0,14
SVG,./src/public/voodoo/assets/icons/arrow-up-left.svg,0,0,14
SVG,./src/public/voodoo/assets/icons/arrow-up-right.svg,0,0,14
SVG,./src/public/voodoo/assets/icons/arrow-up.svg,0,0,14
SVG,./src/public/voodoo/assets/icons/at-sign.svg,0,0,14
SVG,./src/public/voodoo/assets/icons/award.svg,0,0,14
SVG,./src/public/voodoo/assets/icons/axe.svg,0,0,14
SVG,./src/public/voodoo/assets/icons/axis-3d.svg,0,0,14
SVG,./src/public/voodoo/assets/icons/banana.svg,0,0,14
SVG,./src/public/voodoo/assets/icons/battery.svg,0,0,14
SVG,./src/public/voodoo/assets/icons/bean.svg,0,0,14
SVG,./src/public/voodoo/assets/icons/bell.svg,0,0,14
SVG,./src/public/voodoo/assets/icons/bold.svg,0,0,14
SVG,./src/public/voodoo/assets/icons/book-open.svg,0,0,14
SVG,./src/public/voodoo/assets/icons/book.svg,0,0,14
SVG,./src/public/voodoo/assets/icons/bookmark-minus.svg,0,0,14
SVG,./src/public/voodoo/assets/icons/briefcase.svg,0,0,14
SVG,./src/public/voodoo/assets/icons/brush.svg,0,0,14
SVG,./src/public/voodoo/assets/icons/camera.svg,0,0,14
SVG,./src/public/voodoo/assets/icons/check-check.svg,0,0,14
SVG,./src/public/voodoo/assets/icons/check-circle-2.svg,0,0,14
SVG,./src/public/voodoo/assets/icons/check-circle.svg,0,0,14
SVG,./src/public/voodoo/assets/icons/check-square.svg,0,0,14
SVG,./src/public/voodoo/assets/icons/chef-hat.svg,0,0,14
SVG,./src/public/voodoo/assets/icons/chevron-first.svg,0,0,14
SVG,./src/public/voodoo/assets/icons/chevron-last.svg,0,0,14
SVG,./src/public/voodoo/assets/icons/chevrons-down-up.svg,0,0,14
SVG,./src/public/voodoo/assets/icons/chevrons-down.svg,0,0,14
SVG,./src/public/voodoo/assets/icons/chevrons-left-right.svg,0,0,14
SVG,./src/public/voodoo/assets/icons/chevrons-left.svg,0,0,14
SVG,./src/public/voodoo/assets/icons/chevrons-right-left.svg,0,0,14
SVG,./src/public/voodoo/assets/icons/chevrons-right.svg,0,0,14
SVG,./src/public/voodoo/assets/icons/chevrons-up-down.svg,0,0,14
SVG,./src/public/voodoo/assets/icons/chevrons-up.svg,0,0,14
SVG,./src/public/voodoo/assets/icons/circle-dot.svg,0,0,14
SVG,./src/public/voodoo/assets/icons/circle-slashed.svg,0,0,14
SVG,./src/public/voodoo/assets/icons/clipboard.svg,0,0,14
SVG,./src/public/voodoo/assets/icons/clock-1.svg,0,0,14
SVG,./src/public/voodoo/assets/icons/clock-10.svg,0,0,14
SVG,./src/public/voodoo/assets/icons/clock-11.svg,0,0,14
SVG,./src/public/voodoo/assets/icons/clock-12.svg,0,0,14
SVG,./src/public/voodoo/assets/icons/clock-2.svg,0,0,14
SVG,./src/public/voodoo/assets/icons/clock-3.svg,0,0,14
SVG,./src/public/voodoo/assets/icons/clock-5.svg,0,0,14
SVG,./src/public/voodoo/assets/icons/clock-6.svg,0,0,14
SVG,./src/public/voodoo/assets/icons/clock-7.svg,0,0,14
SVG,./src/public/voodoo/assets/icons/clock-8.svg,0,0,14
SVG,./src/public/voodoo/assets/icons/clock-9.svg,0,0,14
SVG,./src/public/voodoo/assets/icons/clock.svg,0,0,14
SVG,./src/public/voodoo/assets/icons/cloud-lightning.svg,0,0,14
SVG,./src/public/voodoo/assets/icons/cloud-moon.svg,0,0,14
SVG,./src/public/voodoo/assets/icons/cloudy.svg,0,0,14
SVG,./src/public/voodoo/assets/icons/code.svg,0,0,14
SVG,./src/public/voodoo/assets/icons/columns.svg,0,0,14
SVG,./src/public/voodoo/assets/icons/compass.svg,0,0,14
SVG,./src/public/voodoo/assets/icons/contrast.svg,0,0,14
SVG,./src/public/voodoo/assets/icons/copy.svg,0,0,14
SVG,./src/public/voodoo/assets/icons/copyleft.svg,0,0,14
SVG,./src/public/voodoo/assets/icons/copyright.svg,0,0,14
SVG,./src/public/voodoo/assets/icons/corner-down-left.svg,0,0,14
SVG,./src/public/voodoo/assets/icons/corner-down-right.svg,0,0,14
SVG,./src/public/voodoo/assets/icons/corner-left-down.svg,0,0,14
SVG,./src/public/voodoo/assets/icons/corner-left-up.svg,0,0,14
SVG,./src/public/voodoo/assets/icons/corner-right-down.svg,0,0,14
SVG,./src/public/voodoo/assets/icons/corner-right-up.svg,0,0,14
SVG,./src/public/voodoo/assets/icons/corner-up-left.svg,0,0,14
SVG,./src/public/voodoo/assets/icons/corner-up-right.svg,0,0,14
SVG,./src/public/voodoo/assets/icons/credit-card.svg,0,0,14
SVG,./src/public/voodoo/assets/icons/crop.svg,0,0,14
SVG,./src/public/voodoo/assets/icons/curly-braces.svg,0,0,14
SVG,./src/public/voodoo/assets/icons/dice-1.svg,0,0,14
SVG,./src/public/voodoo/assets/icons/disc.svg,0,0,14
SVG,./src/public/voodoo/assets/icons/dollar-sign.svg,0,0,14
SVG,./src/public/voodoo/assets/icons/droplets.svg,0,0,14
SVG,./src/public/voodoo/assets/icons/drumstick.svg,0,0,14
SVG,./src/public/voodoo/assets/icons/ear.svg,0,0,14
SVG,./src/public/voodoo/assets/icons/edit-3.svg,0,0,14
SVG,./src/public/voodoo/assets/icons/edit.svg,0,0,14
SVG,./src/public/voodoo/assets/icons/egg-fried.svg,0,0,14
SVG,./src/public/voodoo/assets/icons/equal.svg,0,0,14
SVG,./src/public/voodoo/assets/icons/eye.svg,0,0,14
SVG,./src/public/voodoo/assets/icons/fan.svg,0,0,14
SVG,./src/public/voodoo/assets/icons/fast-forward.svg,0,0,14
SVG,./src/public/voodoo/assets/icons/file.svg,0,0,14
SVG,./src/public/voodoo/assets/icons/flag.svg,0,0,14
SVG,./src/public/voodoo/assets/icons/folder-check.svg,0,0,14
SVG,./src/public/voodoo/assets/icons/folder-closed.svg,0,0,14
SVG,./src/public/voodoo/assets/icons/folder-edit.svg,0,0,14
SVG,./src/public/voodoo/assets/icons/folder-heart.svg,0,0,14
SVG,./src/public/voodoo/assets/icons/folder-minus.svg,0,0,14
SVG,./src/public/voodoo/assets/icons/folders.svg,0,0,14
SVG,./src/public/voodoo/assets/icons/forward.svg,0,0,14
SVG,./src/public/voodoo/assets/icons/gauge.svg,0,0,14
SVG,./src/public/voodoo/assets/icons/github.svg,0,0,14
SVG,./src/public/voodoo/assets/icons/glass-water.svg,0,0,14
SVG,./src/public/voodoo/assets/icons/graduation-cap.svg,0,0,14
SVG,./src/public/voodoo/assets/icons/headphones.svg,0,0,14
SVG,./src/public/voodoo/assets/icons/heart-crack.svg,0,0,14
SVG,./src/public/voodoo/assets/icons/heart-pulse.svg,0,0,14
SVG,./src/public/voodoo/assets/icons/highlighter.svg,0,0,14
SVG,./src/public/voodoo/assets/icons/home.svg,0,0,14
SVG,./src/public/voodoo/assets/icons/inbox.svg,0,0,14
SVG,./src/public/voodoo/assets/icons/inspect.svg,0,0,14
SVG,./src/public/voodoo/assets/icons/laptop-2.svg,0,0,14
SVG,./src/public/voodoo/assets/icons/leaf.svg,0,0,14
SVG,./src/public/voodoo/assets/icons/line-chart.svg,0,0,14
SVG,./src/public/voodoo/assets/icons/link.svg,0,0,14
SVG,./src/public/voodoo/assets/icons/lock.svg,0,0,14
SVG,./src/public/voodoo/assets/icons/mail-open.svg,0,0,14
SVG,./src/public/voodoo/assets/icons/mail.svg,0,0,14
SVG,./src/public/voodoo/assets/icons/map-pin.svg,0,0,14
SVG,./src/public/voodoo/assets/icons/megaphone.svg,0,0,14
SVG,./src/public/voodoo/assets/icons/mic-2.svg,0,0,14
SVG,./src/public/voodoo/assets/icons/minus-circle.svg,0,0,14
SVG,./src/public/voodoo/assets/icons/minus-square.svg,0,0,14
SVG,./src/public/voodoo/assets/icons/mountain-snow.svg,0,0,14
SVG,./src/public/voodoo/assets/icons/mouse-pointer.svg,0,0,14
SVG,./src/public/voodoo/assets/icons/mouse.svg,0,0,14
SVG,./src/public/voodoo/assets/icons/music-2.svg,0,0,14
SVG,./src/public/voodoo/assets/icons/music-3.svg,0,0,14
SVG,./src/public/voodoo/assets/icons/option.svg,0,0,14
SVG,./src/public/voodoo/assets/icons/pause.svg,0,0,14
SVG,./src/public/voodoo/assets/icons/pencil.svg,0,0,14
SVG,./src/public/voodoo/assets/icons/phone-off.svg,0,0,14
SVG,./src/public/voodoo/assets/icons/pie-chart.svg,0,0,14
SVG,./src/public/voodoo/assets/icons/pin.svg,0,0,14
SVG,./src/public/voodoo/assets/icons/play-circle.svg,0,0,14
SVG,./src/public/voodoo/assets/icons/plus.svg,0,0,14
SVG,./src/public/voodoo/assets/icons/pocket.svg,0,0,14
SVG,./src/public/voodoo/assets/icons/power.svg,0,0,14
SVG,./src/public/voodoo/assets/icons/quote.svg,0,0,14
SVG,./src/public/voodoo/assets/icons/redo-2.svg,0,0,14
SVG,./src/public/voodoo/assets/icons/redo.svg,0,0,14
SVG,./src/public/voodoo/assets/icons/reply.svg,0,0,14
SVG,./src/public/voodoo/assets/icons/rewind.svg,0,0,14
SVG,./src/public/voodoo/assets/icons/rotate-ccw.svg,0,0,14
SVG,./src/public/voodoo/assets/icons/rotate-cw.svg,0,0,14
SVG,./src/public/voodoo/assets/icons/search.svg,0,0,14
SVG,./src/public/voodoo/assets/icons/send.svg,0,0,14
SVG,./src/public/voodoo/assets/icons/settings.svg,0,0,14
SVG,./src/public/voodoo/assets/icons/shield-check.svg,0,0,14
SVG,./src/public/voodoo/assets/icons/sidebar.svg,0,0,14
SVG,./src/public/voodoo/assets/icons/signal-low.svg,0,0,14
SVG,./src/public/voodoo/assets/icons/skip-back.svg,0,0,14
SVG,./src/public/voodoo/assets/icons/skip-forward.svg,0,0,14
SVG,./src/public/voodoo/assets/icons/slash.svg,0,0,14
SVG,./src/public/voodoo/assets/icons/slice.svg,0,0,14
SVG,./src/public/voodoo/assets/icons/smartphone-charging.svg,0,0,14
SVG,./src/public/voodoo/assets/icons/smartphone.svg,0,0,14
SVG,./src/public/voodoo/assets/icons/sticky-note.svg,0,0,14
SVG,./src/public/voodoo/assets/icons/stop-circle.svg,0,0,14
SVG,./src/public/voodoo/assets/icons/stretch-horizontal.svg,0,0,14
SVG,./src/public/voodoo/assets/icons/stretch-vertical.svg,0,0,14
SVG,./src/public/voodoo/assets/icons/tablet.svg,0,0,14
SVG,./src/public/voodoo/assets/icons/tag.svg,0,0,14
SVG,./src/public/voodoo/assets/icons/terminal.svg,0,0,14
SVG,./src/public/voodoo/assets/icons/thumbs-down.svg,0,0,14
SVG,./src/public/voodoo/assets/icons/thumbs-up.svg,0,0,14
SVG,./src/public/voodoo/assets/icons/toggle-left.svg,0,0,14
SVG,./src/public/voodoo/assets/icons/toggle-right.svg,0,0,14
SVG,./src/public/voodoo/assets/icons/tree-deciduous.svg,0,0,14
SVG,./src/public/voodoo/assets/icons/tree-pine.svg,0,0,14
SVG,./src/public/voodoo/assets/icons/trending-down.svg,0,0,14
SVG,./src/public/voodoo/assets/icons/trending-up.svg,0,0,14
SVG,./src/public/voodoo/assets/icons/tv-2.svg,0,0,14
SVG,./src/public/voodoo/assets/icons/tv.svg,0,0,14
SVG,./src/public/voodoo/assets/icons/underline.svg,0,0,14
SVG,./src/public/voodoo/assets/icons/undo-2.svg,0,0,14
SVG,./src/public/voodoo/assets/icons/undo.svg,0,0,14
SVG,./src/public/voodoo/assets/icons/unlock.svg,0,0,14
SVG,./src/public/voodoo/assets/icons/user.svg,0,0,14
SVG,./src/public/voodoo/assets/icons/verified.svg,0,0,14
SVG,./src/public/voodoo/assets/icons/video.svg,0,0,14
SVG,./src/public/voodoo/assets/icons/volume-1.svg,0,0,14
SVG,./src/public/voodoo/assets/icons/x.svg,0,0,14
SVG,./src/public/voodoo/assets/icons/youtube.svg,0,0,14
Bourne Shell,./src/services/pool/docspunk/setup.sh,1,0,14
TypeScript,./src/zombie-lord/custom-launcher/src/random-port.ts,2,8,14
Bourne Again Shell,./src/zombie-lord/font.deps2,2,0,14
JavaScript,./src/zombie-lord/newtab/newtabResponse.js,3,0,14
Bourne Shell,./scripts/test_audio.sh,10,0,13
JavaScript,./src/public/getAPI.js,1,0,13
JavaScript,./src/public/image-start-app.js,2,0,13
Bourne Shell,./src/public/voodoo/.bang.html.snapshot/scripts/build.sh,4,0,13
SVG,./src/public/voodoo/assets/icons/activity.svg,0,0,13
SVG,./src/public/voodoo/assets/icons/arrow-big-down.svg,0,0,13
SVG,./src/public/voodoo/assets/icons/arrow-big-left.svg,0,0,13
SVG,./src/public/voodoo/assets/icons/arrow-big-right.svg,0,0,13
SVG,./src/public/voodoo/assets/icons/arrow-big-up.svg,0,0,13
SVG,./src/public/voodoo/assets/icons/bitcoin.svg,0,0,13
SVG,./src/public/voodoo/assets/icons/bluetooth.svg,0,0,13
SVG,./src/public/voodoo/assets/icons/bone.svg,0,0,13
SVG,./src/public/voodoo/assets/icons/bookmark.svg,0,0,13
SVG,./src/public/voodoo/assets/icons/check.svg,0,0,13
SVG,./src/public/voodoo/assets/icons/chevron-down.svg,0,0,13
SVG,./src/public/voodoo/assets/icons/chevron-left.svg,0,0,13
SVG,./src/public/voodoo/assets/icons/chevron-right.svg,0,0,13
SVG,./src/public/voodoo/assets/icons/chevron-up.svg,0,0,13
SVG,./src/public/voodoo/assets/icons/circle.svg,0,0,13
SVG,./src/public/voodoo/assets/icons/cloud.svg,0,0,13
SVG,./src/public/voodoo/assets/icons/command.svg,0,0,13
SVG,./src/public/voodoo/assets/icons/cross.svg,0,0,13
SVG,./src/public/voodoo/assets/icons/crown.svg,0,0,13
SVG,./src/public/voodoo/assets/icons/droplet.svg,0,0,13
SVG,./src/public/voodoo/assets/icons/edit-2.svg,0,0,13
SVG,./src/public/voodoo/assets/icons/egg.svg,0,0,13
SVG,./src/public/voodoo/assets/icons/facebook.svg,0,0,13
SVG,./src/public/voodoo/assets/icons/filter.svg,0,0,13
SVG,./src/public/voodoo/assets/icons/flag-triangle-left.svg,0,0,13
SVG,./src/public/voodoo/assets/icons/flag-triangle-right.svg,0,0,13
SVG,./src/public/voodoo/assets/icons/flame.svg,0,0,13
SVG,./src/public/voodoo/assets/icons/folder-open.svg,0,0,13
SVG,./src/public/voodoo/assets/icons/folder.svg,0,0,13
SVG,./src/public/voodoo/assets/icons/framer.svg,0,0,13
SVG,./src/public/voodoo/assets/icons/gitlab.svg,0,0,13
SVG,./src/public/voodoo/assets/icons/heart.svg,0,0,13
SVG,./src/public/voodoo/assets/icons/hexagon.svg,0,0,13
SVG,./src/public/voodoo/assets/icons/infinity.svg,0,0,13
SVG,./src/public/voodoo/assets/icons/key.svg,0,0,13
SVG,./src/public/voodoo/assets/icons/laptop.svg,0,0,13
SVG,./src/public/voodoo/assets/icons/loader-2.svg,0,0,13
SVG,./src/public/voodoo/assets/icons/message-circle.svg,0,0,13
SVG,./src/public/voodoo/assets/icons/message-square.svg,0,0,13
SVG,./src/public/voodoo/assets/icons/minus.svg,0,0,13
SVG,./src/public/voodoo/assets/icons/moon.svg,0,0,13
SVG,./src/public/voodoo/assets/icons/mountain.svg,0,0,13
SVG,./src/public/voodoo/assets/icons/mouse-pointer-2.svg,0,0,13
SVG,./src/public/voodoo/assets/icons/navigation-2.svg,0,0,13
SVG,./src/public/voodoo/assets/icons/navigation.svg,0,0,13
SVG,./src/public/voodoo/assets/icons/octagon.svg,0,0,13
SVG,./src/public/voodoo/assets/icons/paperclip.svg,0,0,13
SVG,./src/public/voodoo/assets/icons/phone.svg,0,0,13
SVG,./src/public/voodoo/assets/icons/plane.svg,0,0,13
SVG,./src/public/voodoo/assets/icons/play.svg,0,0,13
SVG,./src/public/voodoo/assets/icons/puzzle.svg,0,0,13
SVG,./src/public/voodoo/assets/icons/rectangle-horizontal.svg,0,0,13
SVG,./src/public/voodoo/assets/icons/rectangle-vertical.svg,0,0,13
SVG,./src/public/voodoo/assets/icons/shield.svg,0,0,13
SVG,./src/public/voodoo/assets/icons/shirt.svg,0,0,13
SVG,./src/public/voodoo/assets/icons/sigma.svg,0,0,13
SVG,./src/public/voodoo/assets/icons/signal-zero.svg,0,0,13
SVG,./src/public/voodoo/assets/icons/square.svg,0,0,13
SVG,./src/public/voodoo/assets/icons/star-half.svg,0,0,13
SVG,./src/public/voodoo/assets/icons/star.svg,0,0,13
SVG,./src/public/voodoo/assets/icons/table-2.svg,0,0,13
SVG,./src/public/voodoo/assets/icons/thermometer.svg,0,0,13
SVG,./src/public/voodoo/assets/icons/triangle.svg,0,0,13
SVG,./src/public/voodoo/assets/icons/twitch.svg,0,0,13
SVG,./src/public/voodoo/assets/icons/twitter.svg,0,0,13
SVG,./src/public/voodoo/assets/icons/unlink-2.svg,0,0,13
SVG,./src/public/voodoo/assets/icons/volume.svg,0,0,13
SVG,./src/public/voodoo/assets/icons/wrench.svg,0,0,13
SVG,./src/public/voodoo/assets/icons/zap.svg,0,0,13
JavaScript,./src/public/voodoo/src/components/bb-resize-button/script.js,3,0,13
Bourne Shell,./src/zombie-lord/custom-launcher/test/check-formatting.sh,2,0,13
Bourne Shell,./scripts/docker_fullinstall.sh,10,2,12
Bourne Shell,./scripts/docker_start.sh,3,0,12
Bourne Shell,./scripts/setup_submanager.sh,3,0,12
JSON,./src/public/manifest.webmanifest,0,0,12
HTML,./src/public/plugins/appminifier/bundle.html,1,6,12
XML,./src/public/sitemap.xml,2,1,12 
HTML,./src/public/voodoo/src/components/bb-resize-button/markup.html,0,0,12
JavaScript,./src/services/instance/pptr-console-server/websocket_chat_app_homework/public/tests/renderTest.js,6,0,12
HTML,./src/services/pool/docspunk/public/index.html,1,0,12
Bourne Shell,./src/services/pool/docspunk/scripts/convert.sh,8,2,12
Bourne Shell,./scripts/dstart.sh,3,0,11
Bourne Shell,./scripts/npm_new_release.sh,12,0,11
JavaScript,./src/public/plugins/demo/stripe.js,0,0,11
HTML,./src/public/plugins/projector/index.html,1,0,11
JavaScript,./src/public/prod/setup-service-worker.js,2,0,11
JavaScript,./src/public/splash_switch.js,2,2,11
HTML,./src/public/test.html,1,0,11
Bourne Shell,./src/public/voodoo/.bang.html.snapshot/scripts/cpfiles.sh,3,0,11
JavaScript,./src/public/voodoo/src/components/bb-bar/script.js,1,0,11
XML,./src/services/pool/docspunk/policy.xml,0,0,11 
JavaScript,./src/zombie-lord/custom-launcher/compiled-check.js,2,0,11
Bourne Shell,./scripts/install.sh,0,0,10
HTML,./src/public/voodoo/.bang.html.snapshot/docs/ctr/index.html,1,0,10
JavaScript,./src/public/voodoo/.bang.html.snapshot/vv.rollup.config.js,0,0,10
Markdown,./src/services/pool/docspunk/SECURITY.md,7,0,10
Bourne Shell,./src/services/pool/docspunk/run.sh,2,0,10
TypeScript,./src/zombie-lord/custom-launcher/test/random-port-test.ts,2,16,10
Bourne Shell,./scripts/control/basic/run-pm2.sh,5,0,9
Bourne Shell,./scripts/lw.sh,3,0,9
Bourne Shell,./scripts/upload.sh,4,0,9
HTML,./src/public/voodoo/.bang.html.snapshot/docs/components/sg-cell/markup.html,0,0,9
HTML,./src/public/voodoo/.bang.html.snapshot/docs/components/sg-frame/markup.html,0,0,9
HTML,./src/public/voodoo/.bang.html.snapshot/docs/infinite/ctr.html,1,0,9
HTML,./src/public/voodoo/src/components/bb-loading-indicator/markup.html,0,0,9
JavaScript,./src/public/voodoo/src/components/bb-omni-box/script.js,0,0,9
Bourne Shell,./src/services/instance/pptr-console-server/websocket_chat_app_homework/deployutils/listportredirects.sh,3,0,9
Bourne Shell,./src/services/pool/docspunk/public/uploads/show.sh,6,1,9
Bourne Shell,./src/services/pool/docspunk/scripts/rename_1_based.sh,2,0,9
Bourne Shell,./scripts/basic-bb-main-service.sh,2,0,8
Bourne Shell,./scripts/run-test.sh,4,0,8
HTML,./src/public/assets/flash-player.html,0,0,8
JavaScript,./src/public/loader_progress.js,1,0,8
JavaScript,./src/public/plugins/demo/doingit.js,0,0,8
JavaScript,./src/public/voodoo/src/subviews/index.js,0,8,8
Dockerfile,./src/services/pool/docspunk/Dockerfile,3,0,8
Bourne Shell,./src/services/pool/docspunk/help.sh,6,0,8
Bourne Shell,./src/services/pool/docspunk/public/uploads/clean.sh,14,16,8
Markdown,./src/zombie-lord/README.md,11,0,8
Bourne Shell,./src/zombie-lord/monitor.sh,3,0,8
Bourne Shell,./install_global.sh,2,0,7
Bourne Shell,./scripts/download_ruffle.sh,2,5,7
Bourne Shell,./scripts/gglint.sh,2,0,7
JavaScript,./src/args.js,1,0,7
JavaScript,./src/public/voodoo/.bang.html.snapshot/docs/components/sg-counter/script.js,0,0,7
CSS,./src/public/voodoo/.bang.html.snapshot/docs/components/sg-flight-booker/style.css,1,0,7
HTML,./src/public/voodoo/.bang.html.snapshot/docs/components/sg-look-book/markup.html,0,0,7
CSS,./src/public/voodoo/.bang.html.snapshot/docs/components/sg-look-book/style.css,0,0,7
JavaScript,./src/public/voodoo/src/handlers/multiplayer.js,2,0,7
HTML,./src/services/instance/pptr-console-server/websocket_chat_app_homework/public/runtests.html,0,0,7
HTML,./src/services/pool/socket-puppet-service/public/static/index.html,0,0,7
JavaScript,./src/zombie-lord/api.js,2,0,7
Bourne Shell,./src/zombie-lord/cgroup_create.sh,5,5,7
Markdown,./MAC.md,2,0,6
Bourne Shell,./scripts/control/basic/kill-pm2.sh,4,0,6
Bourne Shell,./scripts/global/start_audio.sh,2,0,6
JavaScript,./src/public/plugins/appminifier/am_start.js,3,0,6
HTML,./src/public/select-test.html,0,0,6
HTML,./src/public/voodoo/.bang.html.snapshot/docs/components/sg-sizer-modal/markup.html,0,0,6
HTML,./src/services/instance/pptr-console-server/websocket_chat_app_homework/public/index.html,0,0,6
Bourne Shell,./src/services/pool/crdp-secure-proxy-server/scripts/install_gn.sh,2,0,6
Bourne Shell,./src/services/pool/docspunk/nix_install_deps.sh,3,1,6
Bourne Shell,./src/services/pool/docspunk/restart.sh,1,0,6
YAML,./src/zombie-lord/custom-launcher/.clang-format,0,0,6
JavaScript,./src/zombie-lord/custom-launcher/dist/index.js,0,1,6
Markdown,./report-bugs/thoughts/general-strategy.md,6,0,5
Bourne Shell,./scripts/main-vf-service.sh,3,2,5
Bourne Shell,./scripts/run_docker.sh,1,0,5
Bourne Shell,./scripts/tsc-check.sh,2,0,5
HTML,./src/public/redirect.html,0,0,5
JavaScript,./src/public/scriptSPL2.js,0,0,5
CSS,./src/public/voodoo/.bang.html.snapshot/docs/components/sg-counter/style.css,1,0,5
JavaScript,./src/services/instance/pptr-console-server/websocket_chat_app_homework/public/src/config.js,1,2,5
Bourne Shell,./src/services/pool/crdp-secure-proxy-server/scripts/dl_devtools.sh,2,0,5
Bourne Shell,./src/services/pool/docspunk/install_deps.sh,3,1,5
Markdown,./src/services/pool/socket-puppet-service/public/LICENSE.md,6,0,5
JavaScript,./src/zombie-lord/demoblocking/whitelist.js,1,0,5
Bourne Shell,./src/zombie-lord/dlchrome.sh,1,2,5
Markdown,./docs/CLAs/OUTSTANDING.md,4,0,4
Markdown,./docs/customer-deployment-guide/README.md,3,0,4
Bourne Shell,./scripts/build_docker.sh,1,0,4
Bourne Shell,./scripts/kill_all.sh,1,0,4
Bourne Shell,./scripts/remove_bundle.sh,1,0,4
TypeScript,./src/decs.d.ts,4,0,4
Markdown,./src/public/README.md,5,0,4
JavaScript,./src/public/custom_polyfills.js,4,5,4
JavaScript,./src/public/index.js,1,0,4
JavaScript,./src/public/load-bang.js,1,0,4
JavaScript,./src/public/meta.js,0,2,4
HTML,./src/public/voodoo/.bang.html.snapshot/docs/components/sg-counter/markup.html,0,0,4
CSS,./src/public/voodoo/src/components/bb-modals/style.css,1,0,4
CSS,./src/public/voodoo/src/components/bb-view/style.css,1,0,4
JavaScript,./src/services/instance/pptr-console-server/test.js,1,0,4
Bourne Shell,./src/services/pool/docspunk/scripts/clean.sh,2,0,4
TypeScript,./src/zombie-lord/custom-launcher/dist/chrome-finder.d.ts,0,6,4
Bourne Shell,./scripts/devtest.sh,2,0,3
Bourne Shell,./scripts/getstats.sh,2,0,3
Bourne Shell,./scripts/kill_mine.sh,2,0,3
Bourne Shell,./scripts/logs_demo.sh,1,0,3
Bourne Shell,./scripts/start_watcher.sh,2,0,3
Markdown,./src/public/assets/README.md,2,0,3
JavaScript,./src/public/update_render.js,1,2,3
JavaScript,./src/public/voodoo/.bang.html.snapshot/docs/components/sg-frame/script.js,0,0,3
HTML,./src/public/voodoo/src/components/bb-top-bar/markup.html,0,0,3
JavaScript,./src/public/voodoo/src/handlers/scrollNotify.js,0,0,3
JavaScript,./src/public/voodoo/src/handlers/takeShot.js,2,0,3
JavaScript,./src/services/instance/parec-server/public/request_audio.js,1,0,3
JavaScript,./src/services/instance/pptr-console-server/hack.js,0,6,3
Bourne Shell,./src/services/instance/pptr-console-server/pptr-console-server.sh,2,0,3
HTML,./src/services/instance/pptr-console-server/public/index.html,0,0,3
Bourne Shell,./src/services/instance/pptr-console-server/script.sh,1,0,3
Bourne Shell,./src/services/instance/pptr-console-server/websocket_chat_app_homework/chat-server.sh,2,0,3
JavaScript,./src/services/instance/pptr-console-server/websocket_chat_app_homework/public/src/xhelp.js,1,1,3
Bourne Shell,./src/services/pool/crdp-secure-proxy-server/devtools-server.sh,2,0,3
Bourne Shell,./src/zombie-lord/custom-launcher/scripts/format.sh,2,0,3
YAML,./.github/FUNDING.yml,3,1,2
Markdown,./config/secrets/README.md,1,0,2
JavaScript,./config/secrets/docViewer.js,1,0,2
JavaScript,./dist/image.4334c98a.js,0,7,2
Bourne Shell,./scripts/audio_setup.sh,3,0,2
Bourne Shell,./scripts/dev.sh,1,0,2
Bourne Shell,./scripts/install_bundle_deps.sh,1,0,2
Bourne Shell,./scripts/install_global_bundle_deps.sh,1,0,2
Bourne Shell,./scripts/installstats.sh,0,0,2
Bourne Shell,./scripts/limited_test.sh,1,0,2
Bourne Shell,./scripts/stop-test.sh,1,0,2
JavaScript,./src/index.js,0,2,2
XML,./src/public/browserconfig.xml,0,0,2 
JavaScript,./src/public/site.js,0,2,2
HTML,./src/public/voodoo/.bang.html.snapshot/docs/components/greet-count/markup.html,0,0,2
HTML,./src/public/voodoo/.bang.html.snapshot/docs/proxy/index.html,0,0,2
Bourne Shell,./src/public/voodoo/save_bang.sh,1,0,2
JavaScript,./src/public/voodoo/src/components/bb-ctrl/script.js,1,0,2
JavaScript,./src/public/voodoo/src/components/bb-favicon/script.js,1,0,2
JavaScript,./src/public/voodoo/src/components/bb-select-tab/script.js,1,0,2
JavaScript,./src/public/voodoo/src/components/bb-tabs/script.js,1,0,2
JavaScript,./src/public/voodoo/src/components/bb-top-bar/script.js,1,0,2
JavaScript,./src/public/voodoo/src/components/bb-view/script.js,1,0,2
JavaScript,./src/public/voodoo/src/subviews/faviconDataURL.js,2,0,2
JavaScript,./src/services/instance/automation/corrector.js,2,4,2
JavaScript,./src/services/instance/automation/transformer.js,2,6,2
Bourne Shell,./src/services/instance/pptr-console-server/repro1.sh,1,0,2
Bourne Shell,./src/services/instance/pptr-console-server/repro2.sh,1,0,2
Bourne Shell,./src/services/instance/pptr-console-server/repro3.sh,1,0,2
Bourne Shell,./src/services/instance/pptr-console-server/repro4.sh,1,0,2
Bourne Shell,./src/services/instance/pptr-console-server/websocket_chat_app_homework/deployutils/portredirect.sh,1,0,2
Bourne Shell,./src/services/instance/pptr-console-server/websocket_chat_app_homework/deployutils/run.sh,1,0,2
Markdown,./src/services/pool/docspunk/README.md,3,0,2
Markdown,./src/services/pool/docspunk/secrets/README.md,1,0,2
Markdown,./src/services/pool/socket-puppet-service/README.md,0,0,2
Markdown,./src/services/pool/socket-puppet-service/public/README.md,0,0,2
Bourne Shell,./src/services/pool/socket-puppet-service/run.sh,1,0,2
JavaScript,./src/zombie-lord/index.js,0,2,2
SVG,./dist/favicon.646a1aa2.svg,0,0,1
JavaScript,./dist/image.2f6d4873.js,0,1,1
JavaScript,./dist/image.4cf403da.js,0,1,1
CSS,./dist/image.82d7a3a6.css,0,1,1
CSS,./dist/image.a14762b0.css,0,1,1
JavaScript,./dist/image.b441f9aa.js,0,1,1
JavaScript,./dist/image.c1399014.js,0,1,1
JavaScript,./dist/image.fb8c8d1c.js,0,1,1
HTML,./dist/image.html,0,0,1
JSON,./dist/manifest.webmanifest,0,0,1
Markdown,./docs/CONTRIBUTING.md,1,0,1
Bourne Shell,./scripts/old_make_views.sh,2,2,1
Bourne Shell,./scripts/postclonedevstart.sh,0,0,1
Markdown,./src/public/assets/flash/README.md,0,0,1
SVG,./src/public/favicons/safari-pinned-tab.svg,0,0,1
HTML,./src/public/online-test.html,0,0,1
JavaScript,./src/public/plugins/projector/page/listen.js,0,0,1
JavaScript,./src/public/script.js,0,0,1
JSON,./src/public/site.webmanifest,0,0,1
CSS,./src/public/style.css,1,9,1
CSS,./src/public/themes/98.css,0,1,1
CSS,./src/public/themes/brightlight-green.css,0,1,1
CSS,./src/public/themes/ion.min.css,0,0,1
JavaScript,./src/public/voodoo/.bang.html.snapshot/docs/7guis/assets/countries.js,0,0,1
HTML,./src/public/voodoo/.bang.html.snapshot/docs/components/latest-greet/markup.html,0,0,1
HTML,./src/public/voodoo/.bang.html.snapshot/docs/components/sg-circle/markup.html,0,0,1
JavaScript,./src/public/voodoo/.bang.html.snapshot/experiments/app.js,0,0,1
JavaScript,./src/public/voodoo/.bang.html.snapshot/src/vv/common.js,1,1,1
HTML,./src/public/voodoo/.bang.html.snapshot/src/vv/index.html,0,0,1
SVG,./src/public/voodoo/assets/globe.svg,0,0,1
CSS,./src/public/voodoo/src/components/bb-context-menu/style.css,1,0,1
CSS,./src/public/voodoo/src/components/bb-top-bar/style.css,0,0,1
JavaScript,./src/public/voodoo/src/simplepeer.min.js,0,5,1
JavaScript,./src/services/instance/pptr-console-server/argv.js,0,0,1
JavaScript,./src/services/instance/pptr-console-server/crazy.js,0,0,1
JavaScript,./src/services/instance/pptr-console-server/env.js,0,0,1
JavaScript,./src/services/instance/pptr-console-server/hello.js,0,0,1
JavaScript,./src/services/instance/pptr-console-server/websocket_chat_app_homework/public/tests/helpers.js,0,0,1
JavaScript,./src/services/pool/crdp-secure-proxy-server/public/devtools/inspector.js,0,0,1
SVG,./src/services/pool/crdp-secure-proxy-server/public/favicon.svg,0,0,1
YAML,./src/services/pool/docspunk/.github/FUNDING.yml,1,1,1
JavaScript,./src/services/pool/docspunk/secrets/key.js,0,0,1
JavaScript,./src/zombie-lord/custom-launcher/chrome-launcher/index.js,1,2,1
TypeScript,./src/zombie-lord/custom-launcher/dist/flags.d.ts,0,0,1
TypeScript,./src/zombie-lord/custom-launcher/dist/index.d.ts,0,0,1
TypeScript,./src/zombie-lord/custom-launcher/dist/random-port.d.ts,0,3,1
TypeScript,./src/zombie-lord/custom-launcher/src/index.ts,0,0,1
HTML,./src/zombie-lord/injections/pageContext/test.html,0,0,1
Bourne Shell,./src/zombie-lord/record-audio.sh,1,0,1
CSS,./dist/image.f5a6fa66.css,1,1,0
SUM,,6871,3706,59161
